SampleID,BA.0.2006,BA.0.2007,BA.0.2008,BA.0.2009,BA.0.2010,BA.0.2011
J10ACSA19,12.01842262,NA,NA,NA,NA,12.43720214
J10AMSP12,11.91645226,12.60417674,13.43452834,14.60330173,15.69800972,16.52704618
J10AMSP13,4.97839922,5.33467899,5.96142378,6.94049387,8.22462831,9.18638723
J10FAG15,6.61116169,7.44203264,8.5815042,9.68116825,10.51005312,11.29363701
J10FRA19,10.50948842,10.79963904,11.1588244,11.55459341,12.00243942,12.5480891
J10OSV19,1.85744604,2.13561208,2.38308299,2.55109026,2.82403458,3.09418386
J10PRS11,8.44422998,8.93598242,9.25783959,10.41246116,11.5105136,12.00451177
J11ACP9,5.01445674,5.19478096,5.31460961,5.33375144,5.45399725,5.59574002
J11ACSA21,1.25534266,1.51520427,1.75190272,1.90279971,1.97562035,2.04570085
J11AMSP14,1.88376218,2.35148014,2.70037521,3.235627,3.78760267,4.20729451
J11AMSP15,5.29068511,6.49646312,7.81547042,8.68072276,9.33397945,9.73883238
J11BEA6,2.47215401,2.91375886,3.25133104,3.59632641,4.05505215,4.34239497
J11BEA7,1.44619754,2.12968491,2.93944896,3.88781222,4.82379138,5.50084685
J11BEPA15,7.07364968,8.21614817,10.05315029,11.62250168,12.52932594,13.18916917
J11BEPO11,0.10566049,0.13003767,0.14747084,0.15520056,0.16122304,0.1697704
J11BEPO12,0.28295068,0.45531988,0.69248938,0.89536405,1.14420537,1.35194039
J11COA5,6.33048748,7.65561185,9.37150244,10.93593154,12.23964851,14.06481174
J11COA6,7.46774461,8.88525714,10.39394555,11.08668637,11.49942488,11.82626577
J11FAG17,9.27651383,10.77471502,12.54108806,14.2021447,15.70772411,16.66959182
J11POG7,3.94573101,5.30526779,9.27501569,11.72030476,14.46168502,15.04250129
J11POT11,4.52670975,5.92910901,8.25777749,9.24121636,10.02638988,10.57675109
J11POT12,1.33933576,1.75948235,2.24159096,2.38668541,3.18049421,3.52232345
J11PRP7,19.38458839,21.37507833,22.98152584,24.73684754,26.64315163,27.39089643
J11PRP8,5.80382952,6.24565466,6.96467647,7.77360595,8.26246545,8.80987128
J11QUR19,4.59087767,5.84782556,7.58890838,9.20718792,10.64329867,11.39084732
J11QUR20,3.23747308,3.62324397,3.93366062,4.27070835,4.56694483,4.75739878
J11SOA10,6.53843932,7.49118639,9.05708871,10.37315685,11.93506796,12.88573511
J12ACP11,7.65069814,8.81664776,9.07350282,9.94728219,10.14550815,10.32037946
J12ACP12,5.41835786,5.73013246,5.95152619,6.0993397,6.42415741,6.63380236
J12ACSA22,10.25885147,10.75073693,11.23659252,12.07658931,12.71301875,13.67132213
J12ACSP5,6.81561183,8.60254423,10.50229358,12.05665054,14.07751006,14.73473969
J12ACSP6,1.89723745,2.12139834,2.19829549,2.21840502,2.30966377,2.39761364
J12BEA9,11.02985323,12.16068779,12.34600251,12.70324477,12.96524422,13.21372065
J12COA7,8.66905175,10.23377636,10.79069041,11.81948209,12.52493379,12.87524297
J12FRA23,13.38006785,14.07441814,14.56072864,14.8932081,15.3112618,16.09997611
J12OSV23,1.00613923,1.24247201,1.48749503,1.6670722,1.86426094,2.09139318
J12TIA16,NA,NA,NA,NA,NA,NA
J13ACSA24,8.86695734,9.53296564,10.00645114,10.52853927,11.77198746,12.1116574
J13ACSP7,7.05420774,8.1060218,8.93421316,9.59794353,11.73353695,12.32462015
J13ACSP8,13.66977924,14.68918816,15.08692361,15.22252869,15.3393763,15.44341073
J13FAG20,20.38480297,20.70953173,20.77579342,21.00511358,21.16797197,21.6476431
J13FRA24,2.55814824,3.11972521,3.43048448,3.65233355,3.81236608,3.9163257
J13OSV26,17.43730596,17.94075737,18.5204146,18.72155762,18.97284262,19.12215466
J13PRS12,11.33189116,11.45844301,11.56880359,11.67572716,11.76113932,11.81998644
J13PRV11,1.53636545,1.78834946,2.06679883,2.27757888,2.43037731,2.54839517
J13QUR22,11.794261,13.33092784,14.44702517,15.02902092,15.29625225,15.54491166
J13TIA19,14.49063813,15.25211562,17.05731933,19.46721542,21.8997351,23.00982766
J13ULA10,2.10488997,2.34133358,2.52867915,2.63945024,2.69785278,2.75837639
J14ACP15,2.39968572,2.68306076,3.13277843,3.71710109,4.0163868,4.12222512
J14ACP16,13.08706213,14.03630118,14.80027736,15.15670332,15.31898175,15.64485832
J14ACSA27,9.2821395,10.22652449,11.08281376,12.0675827,12.3970296,12.70935914
J14ACSP11,0.57657552,0.80441069,1.20247561,1.44154119,2.24763126,3.25448716
J14BEA10,2.93609939,4.39031474,6.07018113,8.24003304,9.92102022,10.90771655
J14BEA12,8.42294257,11.32594902,15.02997307,19.54656555,23.2306439,26.09590926
J14FAG22,12.48814201,12.76448043,13.00331373,13.18917447,13.2344189,13.45235747
J14FRA27,NA,NA,NA,NA,NA,NA
J14OSV27,6.82417581,8.15233182,9.33552649,10.33232085,11.30757567,12.2873697
J14QUR23,4.07144164,5.39346428,7.17102531,10.01409696,12.06382162,12.93899865
J14SOA11,3.98939798,4.31934496,4.73255622,4.95631585,5.08702135,5.11929747
J14TIA20,2.96259295,3.05117526,3.66123171,3.85534346,4.07230695,4.17636868
J14TIA21,3.30247401,4.23103337,4.64799968,4.88941989,5.10710928,5.39471365
J14ULA11,12.87067549,13.34496894,14.3459785,15.33516812,15.94210587,16.74137137
J15ACP-a,2.62611942,3.40934149,4.96795834,7.1147098,8.69883405,9.79016621
J15ACP-b,1.95764202,2.68164672,4.86847117,7.42845474,8.57670906,9.36613675
J15ACR-a,2.52657552,3.29132815,4.00163668,5.6063524,6.69254197,7.24480023
J15ACR-c,11.43501845,14.42634487,17.07374091,18.64897045,18.88352098,20.75035636
J15ACSA-a,8.80145652,9.6979317,11.2037679,12.68763633,14.3757459,14.82676172
J15ACSP-a,2.81789375,3.877389,5.14800732,6.9778637,8.48926704,9.41487723
J15ACSP-b,0.92943273,1.31121202,1.92433153,2.48165183,2.75261754,2.86398091
J15AMSP-a,3.29765245,3.50015735,3.73320757,3.90796514,4.06356901,4.23404459
J15BEPA-a,8.99074985,9.07566769,9.17446391,9.53534847,9.63653819,9.99296621
J15BEPA-b1,5.62640827,7.77503243,11.23507066,15.66113979,19.93020371,21.80803496
J15BEPA-b2,0.78877165,1.23502624,1.92273992,2.8258459,3.36029561,3.77199995
J15BEPO-a,0.09168033,0.1182031,0.14660012,0.16975694,0.18753987,0.20585423
J15BEPO-g,0.21833636,0.28058777,0.35666377,0.48107305,0.56690943,0.606584
J15COA-a,8.93181043,10.55600539,12.61378,15.52384139,17.47120257,18.35239299
J15COA-b,0.42237201,0.84992923,1.29143943,2.12552285,2.91073507,3.7462114
J15COA-c,3.21221939,4.62174598,6.09391652,7.64073877,9.03135514,9.96536732
J15FAG-b,5.88589066,7.80827323,10.14580509,13.29788948,17.44785209,21.98220564
J15FRA-a,0.82168434,1.18115853,1.59635888,2.1650863,2.63166151,3.13613963
J15OSV-a,1.5007392,2.35349135,3.56310132,5.61159644,6.65394861,7.51347422
J15PRP-a,7.63482845,8.25547934,9.07745192,9.44653153,9.90111468,10.36346896
J15PRP-b,NA,NA,NA,NA,NA,NA
J15PRS-a,4.25291294,5.53448944,6.88452243,7.95827201,8.62324313,9.13067491
J15QUR-a,5.09601082,6.81424052,8.84434084,11.9436557,14.0859851,15.80530591
J15SOA-a,2.15337581,2.36401744,2.5957554,2.91915258,2.98803029,3.06291905
J15SOA-b,0.20122126,0.43209333,0.85761757,1.25196448,1.66499475,2.36551632
J15SOA-c,0.21219956,0.39117699,0.65354146,1.39498825,2.30841341,3.20878039
J15ULA-b,3.37261462,4.28415106,5.21956475,6.47496059,7.76283125,9.16660962
J16ACP-c,2.81902707,3.93372051,5.35225397,7.99237734,8.37022683,8.88587087
J16ACR-d,1.25986543,1.54326621,1.67444059,2.11824268,2.60310335,2.94611827
J16ACR-e,4.44441814,4.66353345,5.01252423,5.18002948,5.6715943,5.71926445
J16ACSA-c,11.42898488,12.91189546,15.11496784,17.83871868,19.13938392,20.01019574
J16AMSP-b,2.79411248,2.86878126,2.93449985,3.04011646,3.24665183,3.48964499
J16AMSP-c,14.80572672,15.13358569,15.38259009,15.4677245,15.54489203,15.61404693
J16BEPO-d,0.45345356,0.48666546,0.60141022,0.77567888,0.99437797,1.15251098
J16COA-d,0.0096386,0.04257369,0.53002536,1.07363634,1.89728261,2.40146032
J16COA-e,2.46351974,2.67378477,3.36864007,3.92933857,4.18322756,4.2711786
J16FAG-c,3.05374548,3.53063473,3.83935668,4.60899092,4.69601009,5.05503837
J16FAG-d,10.37747752,10.51262608,10.75381754,11.25869013,11.43517381,11.63416661
J16FRA-b,12.67619402,13.34064263,13.90625713,14.40305524,14.68896943,14.95194017
J16OSV-b,18.08479841,20.2739878,21.61678088,22.2604135,22.98675718,23.40607066
J16POG-a,7.8319304,9.22414093,10.95549679,12.6030224,13.08201494,13.58051481
J16POT-a,5.86364097,6.95972235,7.71898914,8.47360616,8.86750018,9.18232446
J16PRS-b,4.99425464,5.17461347,5.31938415,5.40767625,5.51350983,5.67735528
J16QUR-c,2.92105717,3.77508303,4.7209618,5.59412075,6.09753957,6.57491282
J16TIA-a,19.58179461,19.86576866,20.2619559,20.77055245,21.85666485,22.12332912
J16TIA-b,0.30986275,1.10816147,2.42557794,4.14018067,5.44981404,6.08545248
J16ULA-c,1.90290312,1.95909227,2.05991285,2.26279278,2.46447144,2.54328321
J17ACR10,17.18633021,17.69927335,18.34770878,20.03304556,20.41372913,20.84342812
J17ACR11,21.39404287,22.54362716,24.13854445,25.97870077,27.83858604,28.72142111
J17ACSA30,50.22676158,51.51465388,52.24833824,52.78816859,53.69690608,54.51134501
J17AMSP17,6.73094571,7.21018016,7.72884002,8.99229257,9.66656043,10.01231508
J17BEA14,12.63969983,13.48073371,13.86104123,14.34624651,14.70312959,15.04880031
J17BEPO13,0.00573997,0.01092532,0.03021958,0.07587237,0.14053621,0.18499932
J17BEPO14,0.80489502,0.83005309,0.88718192,0.94720022,0.99629486,1.06242963
J17CAC17,6.8152474,8.89352247,11.81777876,14.95871129,19.14497166,22.18004115
J17CAC18,NA,NA,NA,NA,NA,NA
J17CAC19,5.19250877,5.6868046,6.26676518,6.53587244,6.75308608,7.00740429
J17FAG23,12.46115416,13.40451337,14.5903839,16.81946641,17.87456127,18.80951279
J17OSV29,5.5603443,5.84056926,6.09787493,7.30383575,7.67552857,8.0384697
J17POB7,0.17664242,0.76395765,1.83303843,2.2121845,6.09525142,11.69808414
J17POD7,0.44970446,1.30691393,3.92283233,6.61419863,11.34031912,14.83990941
J17POT14,0.80390693,1.04588949,1.41948472,2.13847337,3.28998245,4.81204716
J17POT15,1.01248662,1.40763634,1.99567317,2.12361807,2.32388498,2.53922702
J17PRS13,15.14927833,15.37347986,15.49888262,15.60874588,15.69708334,15.7928059
J17QUR25,1.09959061,1.49333054,1.91813945,2.21428639,2.32983947,2.48755901
J17RHT10,3.7919689,4.31934825,5.33726629,6.09774691,7.61250194,8.89007987
J17RHT11,0.14130786,1.03741103,3.79794911,10.68641074,19.83411044,26.73431711
J17RHT12,0.11507143,1.53633541,4.74271458,12.00549678,21.4899485,30.91833458
J17TIA23,3.29910445,3.61681784,4.25129625,4.85962208,4.90608407,5.11561377
J17ULA12,2.70497686,3.10642527,3.68170331,4.13096775,4.50372734,4.90101217
J17ULA14,6.35056952,6.46451313,6.55441824,6.69149379,6.83884175,6.9793534
J17ULA15,9.41752677,9.68284448,9.92789637,10.19713262,10.41021331,10.54923742
J18BEPO15,0.01070588,0.06126609,0.15040803,0.3450231,0.63326098,0.96527701
J18POD8,8.82414432,12.02893443,18.11144305,24.40912033,30.49922217,36.81062565
J18POD9,0.00446145,0.07730635,0.51863964,1.36465012,3.60852305,6.97951127
J18POG10,0,0.01225143,0.28691361,0.85182459,2.57286425,5.72322587
J18POG8,0,0.02831557,0.35768309,2.90695201,9.91385502,28.0660781
J18POG9,0,0.03742933,0.42050277,2.41300214,5.521117,16.50816972
J18POT17,1.25432575,2.47805694,5.47997848,9.15118751,14.84615291,21.33614951
J19ACR14,4.67806945,4.9373743,5.3033231,5.80646655,6.22847995,6.75656474
J19ACR15,7.45039096,9.40144288,11.63751835,14.48135677,16.52798223,18.33101237
J19BEPO17,0.36806414,0.40372295,0.41995325,0.4585642,0.47215506,0.48072129
J19FRA30,5.94416603,6.64790399,7.19727096,7.77662895,8.35825163,8.7238048
J19POB10,2.63096053,2.81961239,3.02602239,3.38333342,3.55883913,3.69786757
J19POB11,0,0.42697841,1.33454138,2.19119059,2.79635406,4.37288189
J19POB8,19.3315043,21.4356699,23.71991224,25.42501449,26.05470039,26.66684009
J19POB9,12.57843604,13.47315389,14.16966497,15.37026665,15.92044489,16.4018429
J19POT19,2.02993401,4.3723481,8.87796805,12.47444801,12.97381064,14.57331661
J19POT20,0.11004219,0.56288729,2.26014654,5.98198195,7.46520969,12.82860355
J19RHT16,1.53684121,1.84077361,2.98597092,5.39995952,7.64773431,10.78087372
J19ULA17,6.6255007,8.00589295,10.82054909,15.85703459,21.75428623,24.75978823
J19ULA18,5.17554181,6.14313487,7.79990638,9.43997659,10.79149466,12.28425481
J1ACR17,10.9738284,14.96124158,18.60395391,23.26167555,29.21034447,33.34835905
J1ACSA1,4.47558257,5.9510232,7.81453503,10.08383878,11.75834213,13.28238439
J1ACSA2,5.71731299,6.51379711,7.85235537,9.02575983,10.85991873,11.66159711
J1AMSP18,3.78355335,4.86090758,5.75608241,7.04614661,7.70199354,8.46923408
J1AMSP19,3.95438747,4.37454289,4.92195795,5.32062213,5.78068835,6.20260071
J1AMSP20,2.64152081,3.03866348,3.3171908,3.63807778,3.88369751,4.20076157
J1AMSP21,13.9755801,18.49159127,23.07875892,27.9761127,30.45555698,33.99278492
J1AMSP21b,3.00677337,3.81700444,5.06750794,6.82725202,8.50464769,9.70954174
J1BEPA1,6.0630453,7.12483298,7.68320781,8.13878641,8.31179955,8.36373262
J1BEPA2,9.81149229,11.07354339,13.5646848,16.41724807,18.80656314,20.05004741
J1BEPO1,0.09233391,0.2082418,0.40417603,0.65435694,0.91736857,1.05208188
J1CAC22,1.61236863,1.97158697,2.39640315,3.05056913,3.66193523,4.16277638
J1COA10,4.25935993,4.58267792,4.83572987,4.87781445,5.16031628,5.26784495
J1COA11,3.55408986,3.78476503,3.93685895,4.02540219,4.30894074,4.6370371
J1COA12,7.92997342,9.0141449,10.21450779,11.30244211,12.12589282,12.4683274
J1FAG2,10.28547284,11.04595424,11.45311133,11.5851827,11.67876407,11.7405376
J1FRA1,3.06251955,3.77903241,4.52241785,5.33178048,5.90053481,6.56378844
J1OSV1,14.31449532,14.66569141,15.63885137,16.42386979,16.92503943,17.39641813
J1POB1,4.37366519,5.11802216,5.82044981,6.57123664,7.43986998,7.87718237
J1POB12,NA,NA,NA,NA,NA,NA
J1POB13,5.7607704,6.35622553,6.77288475,7.28268431,7.78250322,8.21593221
J1POB14,16.86247756,18.97555059,20.66043962,22.41489963,23.40051987,24.52172647
J1POB15,11.96508283,12.86497432,13.83027182,14.19123276,14.27679524,14.63970941
J1POB16,5.13270664,6.47677899,7.39613228,9.40114762,11.51559199,12.99013327
J1POB2,8.69337083,8.96992673,9.75740382,10.29506482,11.48474097,11.98500913
J1POD1,8.52498832,9.5049088,10.09483628,11.10636766,12.34137466,13.61721353
J1POD10,8.77951486,9.92366837,11.23161039,11.79608685,12.60869533,13.46594388
J1POD11,11.00687028,15.01313742,18.14527898,20.40500125,21.60104779,22.57103062
J1POD12,19.75639294,25.01877446,30.409836,34.69587591,37.26118443,40.71762495
J1POD13,NA,NA,NA,NA,NA,NA
J1POD14,11.62830008,12.86889872,15.25814807,15.77683051,16.80607753,18.41520227
J1POD15,6.55082917,7.57026637,8.90475445,9.90721467,11.35815629,12.48234224
J1POD2,4.96208964,5.97845985,6.85208807,7.72204378,8.24876182,9.0587997
J1POG11,7.86030861,9.54627101,10.72130579,12.04212951,13.71632606,14.48287369
J1POG13,7.92568397,9.74638791,12.20938457,13.62249179,16.63121157,18.48187943
J1POG14,4.13970727,5.9268855,9.95026392,14.75524506,18.97264922,23.30612167
J1POG2,4.08959258,4.7082142,5.05756107,5.24979355,5.35907287,5.44572978
J1POT1,8.3675798,10.4546054,11.28840725,13.75200159,14.94360989,15.98201585
J1POT2,1.6403883,1.90564161,2.3632458,3.49501574,4.33272221,4.73922937
J1PRP1,14.86866028,15.37811842,15.82730059,16.1949388,16.42217726,16.69483943
J1PRP10,9.80851683,11.06830098,12.68397594,14.0590805,15.09883398,15.96503705
J1PRP11,7.97199262,8.63662305,10.01319552,11.55694312,12.34976428,12.64211598
J1PRV14,11.23955293,11.56189545,11.73029679,11.9356091,12.49820061,13.83485305
J1QUR1,1.83650517,2.10009461,2.59217267,3.0283137,3.64387186,4.10689255
J1QUR2,3.34626958,4.3856386,5.90563126,7.42362664,9.69709396,12.72545812
J1RHT20,5.19109211,5.84088872,6.31414767,7.06299399,7.85990334,8.71541262
J20BEPA17,9.87671923,11.20709713,12.47601193,13.31634614,13.61741282,13.7346547
J20BEPA18,2.14535455,3.72087701,5.1009443,7.23660822,10.65720395,15.14083157
J20BEPA19,2.81542976,3.93651456,6.9958395,8.38196516,12.90076743,17.22457851
J20BEPO18,0.05072877,0.07186911,0.1021809,0.16751084,0.25170222,0.350079
J20CAC20,2.30247542,3.08723701,4.86909869,6.83155168,8.74770466,10.44782269
J20CAC21,18.55805814,21.74530992,24.36950033,26.9648894,29.38149848,30.66828187
J20COA8,2.92824906,4.48533528,5.09296191,6.13613933,6.69424464,7.35511204
J20COA9,16.43619603,18.19466305,20.62308177,22.52235243,23.7485559,24.99110586
J20POT22,3.1268933,5.54239887,9.04293999,14.92098696,22.83536891,31.34322023
J20PRS14,10.98677076,12.67727865,13.55929198,14.37357316,14.92227156,15.34201014
J20PRS16,21.57941635,23.18285657,24.60410916,26.46399838,27.65818333,28.92497107
J20PRS17,6.17095466,6.35260685,6.50131983,6.62261103,6.6918965,6.7786233
J20RHT8,5.97515725,8.14201679,11.1955934,15.07322077,18.45792518,21.84984641
J21ACP17,13.92437727,15.72212901,17.14326441,17.75133838,18.3084205,18.46387195
J21ACR16,13.5748496,16.04818969,18.17336314,20.28443819,21.78268108,22.94529603
J21ACSP13,10.19178607,10.80644446,12.16632338,12.59773321,13.14251473,13.63403894
J21ACSP15,14.34464656,14.67593421,14.97203611,15.35130143,15.56982095,15.7342512
J21BEA16,8.97466922,10.34590274,11.33222186,12.75547682,13.63271709,14.4463026
J21BEA17,4.87632514,5.77585187,5.88093317,6.26862638,6.47107611,6.7760648
J21BEA18,10.33063598,13.13831111,14.68529907,15.84947179,17.00409054,17.96108505
J21ULA19,11.91282333,14.07355637,15.59849545,16.41305388,16.96124,17.8292167
J22ACP19,3.02552703,3.3093577,3.57778053,3.75548281,3.86063481,4.04113753
J22ACP20,3.28428972,3.51651592,3.68848602,3.81948977,3.99436523,4.19172318
J22ACSA31,4.50523529,4.99937895,5.29045167,5.42869377,5.55177879,5.68753482
J22ACSP16,12.12676902,12.97939892,14.10611297,14.7197401,15.59790597,15.88493284
J22ACSP17,5.89190757,6.90936053,7.72338426,7.98773547,8.25480752,8.5192344
J22ACSP18,4.42352229,5.73121252,6.76992268,7.97095725,8.66376515,9.15714189
J22BEA19,16.51663474,16.74245556,18.10438055,20.21453768,22.82746881,25.1270308
J22BEA20,6.87525654,10.25535792,15.23916264,21.74348073,25.16416226,26.48673958
J22FAG25,11.17137074,11.37251082,11.66662731,12.05409211,12.36510193,12.51620213
J22FRA31,3.32112545,4.09920927,4.8772931,5.65537693,6.43346076,7.21154459
J23POG15,0.5584342,1.17348068,1.97914152,4.36902626,7.69603296,10.61179321
J23POG16,0,0,0.03612066,0.71683016,1.9678043,3.4686187
J23PRP12,0.78574256,2.48525976,3.85547796,5.27155733,9.33836374,14.37547363
J23PRP13,2.7609622,5.22807886,7.23112123,9.66035107,13.74429861,15.21612828
J23PRP14,0,0,0.20666673,2.11409354,6.27888643,8.93914861
J23PRV15,0.71794405,1.33985491,2.08684906,3.20721071,4.5195808,6.7817973
J23PRV16,2.93606201,3.30715478,3.85036777,4.22057619,4.74073753,4.942868
J2ACSA3,13.09799318,13.21801292,13.48315409,13.67404316,13.83372073,14.11849781
J2BEPA4,8.5542989,11.64741006,15.86050842,22.56111194,29.68720169,35.540266
J2BEPO3,0.11888941,0.31938023,0.67506391,0.91220037,0.93338589,1.17394703
J2BEPO4,0.82868439,0.91859819,1.04246438,1.18295769,1.27691722,1.34193371
J2CAC4,0.31816971,1.69250104,2.85226081,4.2164177,7.77725393,11.13714977
J2FAG3,8.15530808,8.47456655,8.62602881,8.73335936,8.84094792,8.93567322
J2FAG4,3.39189728,4.61940177,6.10310313,8.0772238,9.67474251,11.45405125
J2FRA3,6.63463508,7.1727685,7.91237893,8.97235367,10.09437015,11.23139441
J2FRA5a,5.60032578,6.28648123,7.02129249,7.72154799,8.61361344,9.73410585
J2OSV3,12.88832142,13.22378069,13.51151798,13.9066029,14.3639326,14.87033593
J2OSV30,1.45259685,1.96598316,2.67861202,4.0842831,5.27002639,6.20078153
J2POB3,11.57879094,13.09724283,15.01473315,16.71406263,18.21240362,19.20813849
J2POB4,8.20096722,9.37640552,10.39414788,11.56535262,12.91255041,14.05479653
J2POB5,3.75045554,4.94945433,5.87370376,7.13433609,8.28137061,9.64218002
J2POD4,13.81942331,15.72281063,17.21569467,17.88656078,18.40902472,18.91745693
J2POD5,21.20423813,21.58508967,21.8290098,22.15150489,22.35675947,22.50553823
J2POD6,8.8456014,10.11952311,11.60602717,12.79160514,13.5420574,14.23691015
J2POG3,0,0.02918952,0.47315566,2.19802531,6.63367434,9.21987936
J2POT4,1.81987181,2.89081914,4.2620835,7.34854356,8.49522978,10.71708506
J2PRS1,2.33556169,3.6625608,6.2132295,11.15893691,16.75418941,20.84510952
J2PRS2,3.64911027,5.6114533,8.90351902,14.5393126,18.3635213,18.89230534
J2PRV1,0.4366223,0.47221329,0.51074648,0.55914263,0.64355439,0.72174538
J2QUR3,7.59568813,11.39962119,16.2101282,20.87164105,26.75682093,32.22810383
J2QUR4,9.50960842,12.97156793,17.58573404,22.0952906,26.21285573,30.83956641
J2QUR7,8.86928901,11.34191151,14.76598734,16.93511903,20.29004645,22.99502055
J2RHT3,0.52443529,1.37500344,2.68953986,3.63092516,5.17131794,7.36925627
J2RHT4,8.63548304,12.24301689,15.47591699,18.26037241,20.62952184,22.76867823
J2RHT5,8.84771314,10.72576999,12.08180744,13.76071696,15.15736322,17.00041233
J2TIA1,23.6099722,25.58337874,26.02251758,26.46165642,26.90079526,27.3399341
J3ACSP1,14.63440883,16.04495923,19.85549617,21.89670119,23.68088005,24.55817852
J3ACSP2,1.63233059,2.0725116,2.55381564,3.04001833,3.59736714,4.02763763
J3BEA1,3.56507546,5.4033791,9.57499885,14.00669671,20.25308202,28.06820898
J3BEA2,2.14655197,2.86729984,3.23599128,3.75844656,4.35730851,4.78459684
J3CAC1,0.60402361,0.8414805,1.19605832,1.60392756,2.30023526,3.03222812
J3FRA5b,2.26424812,2.58210367,2.94489263,3.29694166,3.66906979,3.88097218
J3OSV6,9.00631586,9.46336006,9.9494793,10.41813444,10.95111368,11.36689719
J3POD3,7.29599355,9.40480116,12.36964585,14.74526383,18.73309374,20.41988356
J3QUR5,1.46652589,1.79064537,2.1472831,2.50933496,2.95366513,3.51132394
J3RHT1,18.98243135,21.30839371,23.80440399,25.57278392,27.00138606,28.5935572
J3RHT2,14.173847,19.2521577,24.72183132,29.59194258,33.47622404,36.89806874
J3TIA3,8.14623241,9.76242338,12.08397867,13.65457531,14.78450075,15.81232874
J3ULA2,10.40317241,13.40159503,16.18694678,19.72820225,23.28299994,26.61945185
J4ACP1,3.4368024,5.35073944,7.03976006,9.67139639,12.73965622,17.94409696
J4BEPA6,4.78780664,4.8838129,5.02736702,5.33332015,5.49686039,5.53699352
J4BEPO5,0.65933299,0.70993295,0.73609934,0.76503513,0.77022479,0.7710527
J4FRA6,3.56794271,4.77393808,6.30829036,7.88762907,10.38796023,13.06599832
J4OSV7,2.029515,2.9970146,4.06725704,5.54535439,7.66811068,9.24856014
J4POB6,10.02690219,12.9914085,15.99591508,19.51223319,22.14142542,23.29670252
J4POT6,6.93601396,8.53555487,10.9469603,13.17641961,13.96015194,15.80635913
J4POT7,2.79099818,3.67421631,4.93200614,6.3425781,7.33384247,8.38171933
J4PRS3,1.90259073,2.03888323,2.21221628,2.34094147,2.52668598,2.61370829
J4PRV2,0.18591966,0.1974253,0.19933477,0.202882,0.2082718,0.21786421
J4PRV3,5.32994068,6.29842458,7.18801642,8.60228642,9.96638264,10.86599302
J4QUR9,2.75252486,3.71938534,4.2517133,5.02092048,6.03753515,7.14919478
J4ULA3,2.79487569,3.28379685,3.55908872,4.02449898,5.24772089,8.80400004
J5ACR3,8.47579947,8.74456884,8.80027519,8.85582813,9.06613397,9.20675768
J5ACSA9,4.96923299,5.40558505,5.9101961,7.13221835,7.86816038,8.31192021
J5AMSP1,9.79690786,9.84410243,9.95409921,10.21804189,10.4800676,10.58223062
J5AMSP2,14.37055782,15.34751303,16.07479133,16.33495958,16.61193299,16.74938003
J5BEA4,8.60622702,8.84835014,9.18135213,9.24928172,9.79388284,10.00799304
J5BEA5,22.49643238,23.62454083,24.28593818,24.59476509,25.10898584,25.3532043
J5BEPA7,3.42577759,3.4934795,3.64081352,3.67697797,3.81304938,4.28690856
J5BEPA8,0.87472444,1.03645893,1.25249095,1.52536419,2.21605865,2.58761658
J5CAC7,2.51806957,3.19401445,3.86424025,4.4700907,4.98394648,5.46337532
J5COA2,1.0628921,1.26074921,1.40043031,1.54306058,1.63708295,2.04044185
J5FRA9,5.65797597,5.77474701,5.93123936,6.07705304,6.17435956,6.33161119
J5OSV10,13.91821109,15.6438738,18.04243423,19.2120048,19.81525519,20.45288619
J5POT8,4.22729424,4.80985429,5.58243009,6.96085457,7.80510573,8.14530148
J5PRS4,NA,NA,NA,NA,NA,NA
J5PRS5,3.3001832,3.58108124,3.73020558,3.96889613,4.2009428,4.40340883
J5QUR11,16.28694407,16.75266653,17.02704302,17.34649194,17.61179689,17.92814839
J5SOA1,3.91538412,4.01420342,4.14672326,4.34385188,4.44126722,4.48974407
J5TIA6,7.22091635,7.58865155,8.927886,9.96080141,11.15649255,12.08175776
J5TIA7,3.5903187,4.47186158,5.40417456,6.08857974,6.62084172,6.90417195
J5ULA5,12.80161759,14.21608473,15.52854259,16.21720228,16.76468547,17.27447623
J5ULA6,4.01510424,4.48009177,4.94270719,5.44106451,5.60349997,5.73011892
J6ACR4,2.12969757,2.94234626,4.15847918,5.46785404,6.8402317,9.09597139
J6ACSA12,15.12998548,15.22315487,15.51879912,15.80064698,16.18893694,16.50631277
J6AMSP3,2.85224863,2.95780045,3.04665745,3.08868352,3.11566234,3.14911736
J6CAC10,24.68056839,25.21253428,25.65331072,26.1201349,26.49223142,27.21950593
J6CAC9,1.4939893,1.74713824,1.94671086,2.24807913,2.54770205,2.7851342
J6COA3,5.49783545,6.59365674,7.18907631,7.72683058,9.31387385,9.59779784
J6OSV12,11.92691789,12.25084927,12.54877318,12.81637993,12.98897884,13.17224698
J6PRV4,1.61753969,1.83082438,2.0609321,2.25687913,2.48695033,2.569166
J6QUR13,3.57949336,3.84932554,4.04865724,4.16368607,4.24123392,4.30386668
J6SOA2,9.47978803,11.02401964,12.69056975,14.86520807,16.78188157,18.0007828
J6TIA9,0.54076038,1.5332918,2.00216017,2.22967333,2.37366528,2.63565545
J6ULA7,12.51885613,13.0693934,13.26799043,13.92173345,14.38176275,15.0500674
J7ACR6,2.39099428,2.69655374,2.98382923,3.24512617,3.47029009,3.58148284
J7ACSA14,2.73560186,3.5620419,4.44908784,4.93040186,5.65088317,6.17938387
J7AMSP5,1.31800866,1.39713105,1.48421521,1.55417711,1.58587636,1.60569923
J7AMSP6,11.27696124,11.68620101,12.32568201,12.71984036,12.98360652,13.17286273
J7BEPA10,NA,NA,NA,NA,NA,NA
J7BEPO8,0.22197376,0.30353531,0.39404049,0.47041431,0.51975378,0.56625205
J7BEPO9,0.09948122,0.16949401,0.28546953,0.38813597,0.47284697,0.54271775
J7CAC12,6.71020452,7.72443688,8.58864779,9.27671097,9.88734705,10.09945756
J7CAC13,8.56505894,10.87273939,14.18440275,17.21409443,19.9760476,21.92669448
J7FAG10,7.88203566,9.18071234,10.28813749,11.66836108,12.99105896,13.92163523
J7FRA13,7.45514231,10.14570083,13.64607671,17.07050067,21.34046387,24.97638357
J7OSV14,9.91165374,10.42875773,10.88969182,11.26326174,11.93734248,12.70809316
J7PRS10,4.07752239,4.56925606,5.07568472,5.34064527,5.67898439,5.91581041
J7PRS9,4.66499374,5.71109147,6.71857981,7.878812,8.63171706,9.29356483
J7PRV18,7.11271009,8.77108596,10.15022217,11.5226226,13.10562598,14.58146472
J7PRV5,1.98362438,2.62904554,2.98799587,3.57395729,3.68324564,3.74948023
J7PRV6,5.55644088,6.81660968,7.31522382,7.74711584,7.89221501,8.09628679
J7QUR15,8.77738643,9.92241331,10.92268718,11.83827392,12.43710605,12.93962716
J7RHT6,1.39179191,2.51947739,5.61604258,10.69829264,16.50164542,22.87392786
J7RHT7,15.42104809,18.33565871,21.66371176,24.54900052,27.08026831,28.69981843
J7SOA12,6.09827607,8.90572854,11.03423198,16.54881113,19.7074428,21.47498451
J7SOA3,10.39617922,13.23814542,16.10486089,19.41133631,23.05330731,25.56074769
J7SOA4,2.76163489,3.35435682,4.05902214,4.82766049,5.76003375,6.39657403
J7TIA10,1.25443029,2.09553321,2.67400723,3.28840772,3.68979822,3.98039514
J8ACP3,3.28634777,3.43593471,3.83117022,5.39051487,6.48257118,8.24144762
J8ACP4,11.26828077,12.5467232,14.25296759,17.6014384,20.03884886,21.32528321
J8ACSA16,14.00345524,14.12643408,14.24102151,14.51579397,15.01664405,15.22102242
J8ACSP4,7.18904965,7.57906756,7.69626093,8.04702795,8.53697842,8.61672189
J8AMSP7,14.75531731,14.96787276,15.15485918,15.26521331,15.46182066,15.57644383
J8AMSP8,4.03894658,4.10715212,4.27095477,4.46068183,4.59343042,4.76879215
J8CAC14,12.09226639,12.50877756,12.84210054,13.1213685,13.43660277,13.70873283
J8CAC15,37.17567244,38.79587522,39.71309009,41.12690496,42.09427301,42.79149334
J8FAG11,14.36266202,15.00415207,15.4042443,15.87587217,16.22834983,16.58080374
J8OSV16,12.4242053,13.89024581,15.59088593,16.47054777,18.13986975,18.9203254
J8POG4,3.3395878,4.2076823,5.25227718,5.92422438,6.80760489,7.50751305
J8POG5,12.88435595,17.07767764,20.58602158,25.26319606,30.56520916,34.29178404
J8POT9,4.60512757,5.58451316,6.03312149,7.0459176,7.97105979,8.76535592
J8PRP2,45.7015946,47.27703714,49.20063845,52.17370743,57.18752987,58.07455758
J8PRP3,11.21426114,13.42286282,15.54257609,18.64471269,21.57783947,23.23908382
J8PRV7,6.79736605,7.05892425,7.132831,7.2201392,7.39054469,7.53235461
J8PRV8a,12.40742586,13.94263874,15.75382345,17.68167494,19.04957582,20.21345658
J8QUR16,2.64539223,4.41018485,6.96218067,9.26069395,13.00463712,14.87320872
J8RHT8,3.99271529,5.56367753,7.31445276,9.49238445,12.18351002,13.41233436
J8RHT9,17.78393751,18.93781347,20.08979053,21.19508254,22.02090299,22.82829014
J8SOA5,3.71859268,4.73884237,5.72145401,6.46788622,7.4497912,7.76298167
J8SOA6,2.7000854,3.5264244,4.30607404,5.92903965,7.53572789,8.78817937
J8TIA12,18.63663389,20.08887476,22.33080324,23.50274787,25.18814341,27.01732827
J8ULA9,2.50790466,3.67198091,4.48417617,5.50268624,6.0422759,6.45095256
J9ACP5,3.55010062,4.29552441,5.12285124,5.66292982,7.50109517,8.13745612
J9ACR7,NA,NA,NA,NA,NA,NA
J9ACR9,9.16227897,9.31974998,9.77842623,9.9493251,10.82778024,11.871097
J9ACSA18,8.3696502,8.60212135,8.87025437,9.97111502,11.55898647,12.85993845
J9AMSP10,4.26454886,4.47040192,4.66986792,4.9267907,5.10453612,5.26812239
J9AMSP9,18.20837905,19.72292909,20.59237349,21.31187086,21.85479226,22.38838235
J9BEPA13,21.05508471,22.53755342,22.85237013,23.06888602,23.36391147,23.50587907
J9FAG12,2.69237043,2.85017165,3.16644619,3.87495407,4.17091467,4.45683024
J9FAG13,2.85562526,3.12764143,3.69555734,3.970678,5.29693138,6.95800235
J9FRA16,2.73640928,2.84780583,2.95411772,3.16807373,3.27396268,3.47724473
J9OSV17,2.9604818,3.95109783,5.14249834,5.94107883,6.63403798,7.97999209
J9POG6,15.53377472,16.49134414,16.86552137,17.65280154,18.71778476,19.12043916
J9PRP4,3.90212315,4.04553999,4.34147233,5.10405153,6.18606965,6.62067777
J9PRP5,7.86919421,8.08794448,8.27575321,9.72530802,10.26978667,10.8548653
J9PRP6,12.95498288,15.30271745,16.14441256,18.98140425,21.53355558,23.05631892
J9PRV10,2.54152391,2.68043473,3.12525755,3.32206891,3.40316421,3.79667932
J9PRV8b,1.31828493,1.54975983,1.80407902,2.15980018,2.55945043,2.87826711
J9PRV9,3.09190012,3.54001513,3.91810227,4.94694382,5.33400453,6.0327503
J9SOA7,13.30164624,15.77024181,16.83641412,19.88490509,24.43872826,26.40264602
J9SOA8,8.17803456,8.74741897,8.93785113,9.25679759,9.3984467,9.71758166
J9SOA9,10.74954321,11.62213588,12.64062235,13.66429422,14.93280611,16.90444649
