"","BAI_GR","BIO_GR","Height.DBH.Ratio","Estem","Branching.Distance","Twig.Diameter","Twig.Wood.Density","Stem.Wood.Density","Leaf.Mass.Fraction","Leaf.Area","LMA","LCC","LNC","LPC","d15N","t.b2","Ks","Ktwig","Huber.Value","X.Lum","VD","X.Sapwood","d13C","Biomass5","pcent.max.Bio5","Tree.Height","Branch.Height","Root.Wood.Density","Twig.branching.angle","Hmax","Shade.Tolerance","Drought.Tolerance","WaterLogging.Tolerance","Porosity_Diffuse","Porosity_Ring","Soil.Fertility","Light","Temperature","Soil.Humidity.Depth.","Slope_Phosphorus"
"J11ACP9",0.116256656,0.0693603588444861,131.3043478,1889.930674,36.33333333,5.405,0.44961241,0.56262774,0.54621309,128.66125,24.80350533,42.48747492,2.3974,15.71030643,-4.48467865,0.0220676,34.23878229,484.7949762,0.0095984,0.08420606,6522.291232,0.72112393,-30.68918068,0.58128327,0.0507526,302,2,0.60507326,50.0092,10,3.56,2,1,1,0,-0.200529081242176,-0.602091157920382,1.75560620205381,-0.95555528552505,0.502036773966931
"J11ACSA21",0.158071638,0.219038863403695,233.5714286,6266.42515,16.6,6.13,0.52680137,0.77726175,1.38935718,49.942,47.79544271,46.9333,2.0129,8.38079294,-3.30682736,0.03181824,40.65469806,574.3777471,0.0128926,0.0911302,6494.73508,0.71954337,-30.3231028,0.79035819,0.01383107,327,2.9,NA,41.72865,35,4.76,2.88,3.37,1,0,0.371500921262425,-1.21492886285006,1.45976532854848,-1.11009569314872,0.219556301290439
"J11BEA7",0.810929862,1.13128175387437,214.8571429,4962.812215,40,4.43,0.52701882,0.59119196,2.17432647,26.2825,46.9775516,48.7942,2.3536,13.85811754,-1.35881122,0.02394465,15.50386653,301.8042009,0.00637347,0.07399772,9665.437573,0.99141474,-31.11229691,4.05464931,0.17744553,376,2.7,0.66108787,69.94883333,25,3.17,3,2,1,0,0.520304291369873,-1.29271417275226,1.53624234570543,-1.19624871174138,-0.21032078170979
"J11BEPA15",1.223103898,0.322073828174086,181.9354839,6515.643783,41.5,4.48,0.48456791,0.52941177,1.12222602,23.10789474,52.11251566,48.0097,3.0891,14.16067098,-0.75280304,0.0319627,50.06644908,978.9630724,0.00460805,0.14695799,2458.327218,0.99584014,-30.06918701,6.11551949,0.19254421,564,4.9,0.55397439,56.735,25,1.54,2.02,1.25,1,0,0.0913875147933241,-1.08504207383431,1.41002703550061,-1.4707855054063,-0.112893222304101
"J11COA5",1.546864852,0.486725226239463,114,1395.91942,19,4.77,0.45706916,0.56814103,0.23932048,20.50904762,28.55882421,45.4262,2.7328,12.12922651,-2.54701763,0.02545163,72.4838593,1286.676386,0.00339678,0.15148794,8783.895374,0.90406183,-31.74354347,7.73432426,0.72272265,342,3,0.4735376,58.219,10,4,1.77,1.02,1,0,0.272906742832249,-0.601551588601233,1.82896344890272,-0.957038682801537,0.93070565210285
"J11COA6",0.871704232,0.262911981646645,132.5714286,3934.574913,21.83333333,6.14,0.53932208,0.60053333,0.38974366,27.53965517,28.71094973,44.5831,2.6785,13.72755983,-1.64249736,0.01820212,35.6573934,550.8337994,0.00723731,0.12143026,5652.919906,0.78675787,-31.50082573,4.35852116,0.48056787,464,3.6,0.67016807,51.2557,10,4,1.77,1.02,1,0,-0.202673938172305,-0.712529554393179,1.70138438351806,-1.14182432301945,0.349926466897939
"J11POG7",2.219354056,1.0199514869616,183.6111111,9105.990621,13,5.975,0.42548901,0.45961732,1.92444983,21.70577778,70.02743765,41.7582,2.6071,16.08503237,-1.00392173,0.02007607,115.3446276,2097.167708,0.00918725,0.17835556,4265.953521,0.92598916,-29.59481819,11.09677029,0.28479529,661,5.5,NA,59.63975,20,1.21,2.5,2,1,0,0.118253282292963,-1.08493324357738,1.52984183518784,-1.55401870572654,-1.51884436107961
"J11POT12",0.436597538,0.851961294604723,203.4482759,2415.764735,34.66666667,4.825,0.48186981,0.57550158,2.23332299,18.02212121,91.97450944,44.3039,2.4126,13.35560988,-2.56526859,0.03443324,30.55874422,587.167744,0.00498754,0.10885153,5521.064277,0.97858104,-28.29275307,2.18298769,0.07998824,295,2.6,NA,72.052,25,1.21,1.77,1.77,1,0,0.45350015149803,-1.42130044443191,1.07674468050707,-1.22029149357954,0.579389272042481
"J11PRP8",0.601208352,0.363806688794677,177.5,6540.187445,8.35714286,4.105,0.58098339,0.64181406,1.76168078,15.33710526,49.24417906,49.55314892,2.5625,16.78842288,-3.21638312,0.02560363,71.29450175,1326.322214,0.0080339,0.13321151,8351.240621,0.94746487,-30.58699638,3.00604177,0.2354975,497,3.6,NA,50.7753,12,NA,NA,NA,1,0,0.341578190457695,-1.07570686394436,1.68728806892105,-1.0062941924582,0.454048935579809
"J11QUR20",0.30398514,0.289826341145463,183.4482759,2827.123137,11.71428571,5.405,0.53281394,0.8245093,1.15040121,50.35888889,39.04198751,48.0477,2.5186,11.43280644,-0.45805687,0.011666,313.6379901,625.0836387,0.10685034,0.15978914,39892.44825,0.10150316,-31.12436089,1.5199257,0.05356798,266,1.7,NA,45.66505,25,2.75,2.88,1.12,0,1,0.0813801410737581,-0.964045485889748,1.66310573347089,-1.07742416355742,0.226787301116054
"J11SOA10",1.269459158,0.376070115412849,171.25,6631.906161,12.66666667,4.585,0.53622138,0.67028674,0.53063803,19.17266667,47.28954414,45.9814,2.4735,15.18300142,-2.58542334,0.0329153,18.88733802,324.2869931,0.003831,0.09925968,3453.805612,0.87443773,-31.20744713,6.34729579,0.42863656,548,3.3,NA,50.0795,10,2.59,1.77,1.27,1,0,-0.0124256504470262,-1.01920789908953,1.57605323583742,-1.00158732250181,-0.246337243739666
"J12ACP11",0.533936264,0.140169017898508,84.85714286,895.3041167,13.3,5.67,0.44774518,0.54448399,0.5115503,70.37235294,25.78719918,46.1249,2.0342,18.89869388,-2.79781805,0.01817116,35.02319349,575.43813,0.00914365,0.07363017,8276.479554,0.8367833,-29.74419983,2.66968131,0.23212532,297,2.2,0.59060807,48.8808,10,3.56,2,1,1,0,-1.20940085149265,-0.161441137746445,0.433919972783843,-0.693355476455133,0.739745054021613
"J12ACSA22",0.682494132,0.103717204977156,125.3012048,3933.904901,15.5,4.77,0.51791014,0.73330739,1.2372806,43.15736842,42.32978451,45.46400025,2.9,9.77224873,-1.28696969,0.02608585,26.85374368,420.0068599,0.01245781,0.07553292,6126.99554,0.7965658,-30.44704468,3.41247065,0.05870948,520,4.5,0.61171332,46.61966667,35,4.76,2.88,3.37,1,0,-1.62468889591532,-0.226172614914354,0.984735709742031,-1.12270060603888,2.06604410372465
"J12BEA9",0.436773484,0.0715457723275616,113.9534884,3221.141398,8.7,4.165,0.51153468,0.53620408,0.87336994,42.75666667,28.51407188,46.1042,3.0052,21.69067983,-3.36933619,0.02715784,36.51406789,706.0798152,0.00608387,0.08633522,6673.746305,0.98483548,-31.63055786,2.18386742,0.09276561,490,3.6,0.64538198,56.94745,25,3.17,3,2,1,0,-0.616415193719362,-1.07270623410173,1.00503172958631,-0.922766980165564,-1.71414601078045
"J12COA7",0.841238244,0.201876626729711,119.2307692,3835.729681,17.85714286,5.145,0.53037703,0.60781724,0.346593,17.09964286,32.749222,42.7689,2.5044,14.46896045,-0.3262791,0.0271299,62.30020409,921.1620478,0.00681037,0.15639484,7710.168742,0.75303763,-31.99868568,4.20619123,0.45608006,465,3.1,0.52685714,38.2114,10,4,1.77,1.02,1,0,-1.34547321048808,-0.402115916372011,0.903565559852998,-0.627185980962429,0.829349757010491
"J12FRA23",0.543981652,0.0961921484173594,173.7777778,12859.39457,69,6.95,0.39077436,0.77830865,0.61473801,145.63,33.5233125,44.7849,2.5957,15.72869648,-2.20158039,0.03345779,211.7868195,152.9282956,0.22479808,0.17463442,12241.33144,0.03677554,-31.32747849,2.71990826,0.13879228,782,6.3,0.55067568,63.9067,30,2.46,2.38,2.59,0,1,-0.969523162822482,-0.868082081249527,0.90986200286076,-0.525946860683771,-0.0737325395573972
"J12OSV23",0.21705079,0.442486248421828,218.5714286,4006.367603,7.43333333,4.12,0.56089323,0.68459716,0.73311157,13.73934426,28.99415344,46.0314,2.2327,13.57853598,-1.74787031,0.02529114,56.04833807,1075.156402,0.00549807,0.13020421,3958.112769,0.97696502,-32.11829193,1.08525395,0.15297438,306,1.2,0.65495364,66.89305,12,4.58,3.25,1.07,1,0,-0.696888288545237,-0.789325687186209,1.24483051769819,0.541857121035064,1.03468590793308
"J13ACSA24",0.648940012,0.147691684979035,192.3076923,5585.364453,15.28571429,4.645,0.55845393,0.71191047,1.50473538,61.291,35.92697133,48.86651541,3.2564,11.56210048,-1.4744834,0.03625565,27.11491109,465.6328105,0.01303862,0.0766186,4796.778911,0.874592,-31.44696838,3.24470006,0.06019311,500,3.6,NA,40.553,35,4.76,2.88,3.37,1,0,-1.25071631408804,0.738118991746958,-1.1225239947127,0.18768108412482,-0.369999235581959
"J13ACSP8",0.354726298,0.251899345523008,145,5230.819322,21,4.885,0.44871301,0.5483356,0.48933649,34.16666667,24.02439024,48.7557,2.6311,18.72190079,-2.88287552,0.02298524,37.26393125,628.6783712,0.00450138,0.07509355,5925.892762,0.85923104,-31.60252937,1.77363149,0.02079727,522,4,0.62203742,48.064,5,3.31,2,2,1,0,-1.84746471140381,1.60582855688472,-0.800255775790649,-0.0218349672029291,-0.160397110259817
"J13FAG20",0.252568026,0.0468316397056725,161.875,13471.34555,10.71428571,4.63,0.65040747,0.72739803,0.72773261,37.70390244,25.07342191,46.1461,2.8689,9.4456574,-0.96030658,0.01160328,64.38250163,1218.153371,0.00921738,0.18722625,5654.656433,0.96361651,-31.12585052,1.26284014,0.09295709,777,4.7,NA,71.54691667,25,4.75,1.5,1.5,1,0,-1.4319292030026,1.58409537928763,-0.478248271205672,0.474313673398862,0.0904278868661202
"J13PRS12",0.0976190559999999,0.0711989050201926,130,4978.127227,10.28,4.34,0.52104651,0.71271293,0.92023121,11.2671831,31.22617098,46.246,3.0374,12.5725813,-1.90705495,0.03026472,29.48211646,564.2210024,0.00883652,0.1084898,4680.952465,0.97467696,-30.63553963,0.48809528,0.0241305,481,2.8,NA,57.14171429,22,2.46,3.02,1.06,1,0,-1.62178399286167,1.05536797963013,-1.12824848536793,0.179050570112343,-0.27997359022692
"J13ULA10",0.130697284,0.109745346926614,151.25,1027.469055,11.4,4.44,0.49057901,0.74729885,1.32294787,25.82230769,30.22133516,46.65590721,3.4313,17.64163555,-3.30410447,0.03765968,293.100871,1056.844286,0.04969007,0.18518976,10663.90478,0.18363861,-31.7619384,0.65348642,0.0309392,242,2,NA,74.12768333,35,3.14,2.92,2.46,0,1,-1.50180839706989,0.937551517132284,-1.06625304470474,-0.111945214995228,-0.505964687650312
"J14ACSA27",0.685443928,0.145283415166158,195.625,12305.08805,18.375,5.455,0.53244074,0.7311985,1.54121978,61.759,41.88323429,48.9605,2.6059,10.1252913,-2.20423748,0.0303699,63.39940159,1004.164705,0.01772704,0.11784226,5520.495455,0.80665885,-30.94949005,3.42721965,0.06061751,626,4.5,NA,NA,35,4.76,2.88,3.37,1,0,-0.971317691885323,1.95226016502468,0.0136771890505992,-0.333037184088518,-0.241258927351127
"J14ACSP11",0.535582328,1.4933534535077,171.4285714,1328.629257,5.41666667,4.535,0.45611326,0.52755267,1.74347435,51.9695,21.05080865,47.999,2.3429,16.9777863,-0.51064341,0.02327516,36.84737833,565.8915918,0.0145845,0.08130048,6318.334843,0.78216208,-29.96210991,2.67791164,0.03191856,240,1.7,0.55430267,53.1563,5,3.31,2,2,1,0,-1.43316895645017,1.33820624161114,-0.437566409065149,-0.213558300958022,0.0415740415939698
"J14BEA12",3.534593338,0.832731298795974,140.4878049,5265.439736,56,3.25,0.47726599,0.6049548,2.15457116,38.40714286,41.65891761,47.8637,3.167,12.77897573,-0.95741643,0.02896902,48.49147015,925.7118071,0.00282876,0.12087591,6692.063989,0.97225584,-31.66028641,17.67296669,0.70041523,576,4.5,0.56947646,52.6683,25,3.17,3,2,1,0,-1.07981237677286,1.72970078976191,-0.0230395574356608,0.473290996085575,0.00697547473936863
"J14FAG22",0.192843092,0.0800747252392913,210.7407407,7410.661838,13.2,3.29,0.65690946,0.74216216,1.96346154,48.657,29.28663913,45.8051,2.3655,8.68887427,-1.58122923,0.02255516,42.33630965,782.885889,0.00667727,0.12212433,5375.534918,0.94179326,-31.60340752,0.96421546,0.07168499,569,5.2,0.63312883,NA,25,4.75,1.5,1.5,1,0,-1.33683086702941,2.27478651810572,0.275557904002943,0.259905086495597,0.493133089897329
"J14OSV27",1.092638778,0.273832801518234,191.8518519,6839.481774,14.6,3.12,0.54435015,0.85365936,1.67043478,22.451,30.86722195,46.0457,2.9992,8.42355665,0.30523236,0.02121308,60.51088723,1155.637431,0.00361792,0.12439502,2977.570123,0.97265358,-31.37116493,5.46319389,0.74736387,518,4.1,0.57309054,NA,12,4.58,3.25,1.07,1,0,-1.48612390927599,2.44692251292878,0.215669339536499,-0.861597990877044,0.579984784347619
"J14QUR23",1.773511402,0.859329822544135,230.3571429,15853.69541,16.8,6.755,0.50893719,0.60900804,1.53727933,62.09076923,43.91007375,49.6112,3.2209,15.87642718,1.87381216,0.04016154,443.5874191,3774.238038,0.05070802,0.1776223,27460.06187,0.43333142,-31.30403648,8.86755701,0.2985214,645,4.1,0.49939723,NA,25,2.75,2.88,1.12,0,1,-0.927943547930773,1.61373336336744,0.693769270782106,-0.17359451734233,-0.150104189127122
"J14TIA20",0.242755146,0.420268207686108,131.5,1116.221958,20.8,7.23,0.30370114,0.38855055,0.78916664,103.2092308,22.21029723,46.5035,3.5105,23.55205352,-0.13160646,0.02597612,54.06215394,866.7786641,0.01473181,0.15214101,6147.623912,0.81655413,-30.8,1.21377572,0.1206507,263,1.9,0.38969617,NA,35,3.98,2.88,1.26,1,0,-1.74817711819966,2.02373235538344,-0.162631493048399,-0.116597122034244,-0.462594891620762
"J14TIA21",0.418447928,0.304911451631269,174.893617,2517.253928,11.83333333,6.335,0.35808079,0.33443049,1.13026978,83.00692308,26.85596197,41.7506,3.3212,19.54090899,-0.79484407,0.04123608,71.48508607,1131.751286,0.01818432,0.16671223,4647.517459,0.80631671,-31.68472038,2.09223964,0.24520957,411,3.1,NA,73.7797,35,3.98,2.88,1.26,1,0,-1.79651180289442,2.22113585449163,0.311765679962033,1.28992122529688,-0.281319023337439
"J15ACP-a",1.432809358,0.952290086640462,159.6551724,3254.23961,39.25,5.615,0.3216151,0.43548515,1.37856526,112.8966667,31.45944669,42.9891,2.85,15.69468569,-4.52976229,0.01218647,52.08027305,765.4317578,0.00867094,0.09747456,9298.717148,0.74851987,-30.74140404,7.16404679,0.44743197,463,3.7,NA,NA,10,3.56,2,1,1,0,1.18639980669641,1.10708838643138,0.0773734421662142,-0.736151950971749,0.368321200577753
"J15ACP-b",1.481698946,1.474538975466,134.2857143,1060.43022,38.33333333,4.89,0.38055658,0.51412672,1.82246777,125.13,29.15368017,48.8102,3.4292,20.9995435,-4.21493639,0.01916185,28.52519365,425.4032202,0.0155978,0.06998935,6799.94353,0.75952536,-31.36397026,7.40849473,0.54749654,282,2.5,0.6206269,43.96,10,3.56,2,1,1,0,1.16972456750269,1.03853125982204,0.0795782352428358,0.129256731222543,0.811241369983394
"J15ACR-a",0.943644942,0.717580359363254,171.4285714,2912.64875,13.16666667,4.625,0.38294118,0.42304965,2.82151835,37.997,42.27965366,48.0353,2.3953,15.85429615,-2.58899714,0.016653,58.94544832,969.3757654,0.01074328,0.10175811,10818.11392,0.83755241,-31.73544014,4.71822472,0.16028699,360,2.8,0.49824664,48.8939,25,3.44,1.84,3.08,1,0,1.12296910568863,0.77237060385486,-0.237571358213427,-0.0607511655765324,0.500259008092788
"J15ACR-c",1.863067582,0.31846643463127,158.4,5448.11422,13.55555556,5.355,0.42826844,0.5292511,2.21364773,25.04,42.20306333,50.9109,2.8395,15.24056837,-4.33036734,0.02189413,26.2371802,380.0854237,0.01017994,0.073275,5797.043931,0.73779238,-31.52756775,9.31533791,0.35391768,594,4,NA,47.241,25,3.44,1.84,3.08,1,0,1.29594216821313,1.55551917897982,0.455444082534236,-0.452623036035477,1.42082618056159
"J15ACSP-a",1.319396696,0.969386542874443,123.3333333,2183.032765,100,3.86,0.34232756,0.43007463,1.70829535,65.89,26.19517377,48.5681,3.5942,23.01392893,-3.43734091,0.02542957,33.82036237,483.1240693,0.0065124,0.08579944,7138.838467,0.72752937,-31.85844536,6.59698349,0.05901489,407,3,0.57471713,0,5,3.31,2,2,1,0,1.17825904053784,0.817180366941665,-0.176762054880667,-0.130106072532916,0.542872471617946
"J15ACSP-b",0.386909636,0.944530748341518,203.6363636,4740.124905,16,4,0.39019858,0.49773232,1.06,42.63117647,23.56739751,45.6722,2.8378,17.22311319,-2.10335214,0.02530706,42.84259698,606.9839222,0.00895403,0.08847547,7718.646331,0.72155844,-31.77197495,1.93454819,0.01972603,336,1.8,NA,46.991525,5,3.31,2,2,1,0,1.23599033329948,1.03869868235995,0.162066124267083,0.222683603775754,0.637880994168086
"J15AMSP-a",0.187278428,0.126825467834633,166.1904762,5222.612837,13.57142857,3.645,0.59952655,0.88900285,0.70034331,13.45916667,31.17454028,49.2809,3.131,15.66918152,-3.22962262,0.00332284,60.26505576,1150.580382,0.00325106,0.17682779,6074.656803,0.97234752,-32.03238533,0.93639214,0.04336772,349,2.8,0.79874446,58.189,12,NA,NA,NA,1,0,1.30232226422732,0.804629448584332,-0.0538458295521006,0.33867533373592,0.638914352616447
"J15BEPA-a",0.200443272,0.0593434535014525,128.8888889,1710.420459,73,3.405,0.49389383,0.4889375,0.84322344,16.02,29.8585102,47.5595,3.2042,14.64848904,-3.89565838,0.01576212,49.23749081,956.2389545,0.0016553,0.10717912,4781.748298,0.98910097,-33.01845062,1.00221636,0.03216159,348,2.4,0.50829321,52.808,25,1.54,2.02,1.25,1,0,1.10970618933555,0.671824554208317,-0.522825362689727,-0.109311070292336,0.316018575387076
"J15BEPO-a",0.02283478,0.787953045107931,223.8888889,5818.338467,12.16666667,3.1,0.46562819,0.45247934,0.68944571,11.94222222,39.82136211,50.7708,3.6811,16.8958296,-4.18897694,0.0168424,53.77210141,1017.395497,0.00146399,0.12466016,3629.590954,0.96361358,-31.52655716,0.1141739,0.092016,403,2.5,0.55926104,51.15735,15,1.5,2.34,1,1,0,1.18577469522813,0.75097641863261,-0.10971174139866,-0.181106609630469,-0.623491069387254
"J15COA-b",0.664767878,4.23472970663942,169.8507463,6257.063343,16.71428571,4.41,0.46091098,0.50643299,1.12765957,18.81142857,47.88122722,46.6784,3.1548,13.22395934,-4.51881874,0.0218672,54.26841193,738.0984155,0.00742737,0.11347436,8236.246429,0.69268737,-30.53173149,3.32383939,0.31320195,569,5.2,0.65464206,44.8275,10,4,1.77,1.02,1,0,1.30172759433726,0.830653099931514,0.012474673910235,0.207069465767292,0.447772084942278
"J15FAG-b",3.219262996,0.84572407724611,138.0487805,6609.212514,100,3.735,0.54894003,0.77093964,1.36517267,55.36714286,37.38679464,49.8897,2.9551,14.01008597,-2.48085396,0.01962115,71.09033709,1281.456724,0.00369214,0.13798901,8524.020791,0.91804397,-31.3911203,16.09631497,1,566,4.1,0.58916616,NA,25,4.75,1.5,1.5,1,0,1.21783786488798,0.909052801275116,0.0701361875515595,0.324897725436693,0.701144079989785
"J15FRA-a",0.462891058,1.07224023359952,292,14352.30577,26,5.835,0.32724689,0.74078136,2.00427981,209.1675,35.40224939,46.4879,3.7141,14.26941646,-5.20986921,0.02653927,320.6846095,1465.067391,0.05869626,0.10775733,33922.51293,0.23267493,-31.43281021,2.31445529,0.09890297,438,2.3,0.64488449,86.162,30,2.46,2.38,2.59,0,1,1.26981723165975,1.3588327118239,0.266371062970449,-0.885975909018026,0.766205982318699
"J15OSV-a",1.202547004,1.6595629380508,192,3048.106678,16.4,3.475,0.5089077,0.68135338,2.33439288,34.51033333,31.53644802,49.8841,3.126,10.00743357,-5.42094566,0.02264677,100.3188876,1898.26541,0.01432631,0.14547724,8205.962577,0.9637055,-31.50998352,6.01273502,0.76898563,384,2.7,0.61643836,77.442,12,4.58,3.25,1.07,1,0,1.20983730418616,1.17272484476309,0.0906560206129409,-0.881245494916638,0.507456941573677
"J15PRP-a",0.545728102,0.219558090029098,116.2857143,1400.873134,19.11111111,3.675,0.56482055,0.37564356,1.29269216,10.84082192,30.74376406,49.2471,3.5877,12.28176582,-6.27294268,0.02008599,39.94281361,770.6508274,0.00567115,0.10594545,6158.982348,0.98262793,-29.95290039,2.72864051,0.20781858,407,3.1,NA,57.60102,12,NA,NA,NA,1,0,1.20452034329605,1.08593013789815,0.041885014194798,-0.543948740687672,0.570787734385771
"J15QUR-a",2.141859018,0.706593933952682,139.3939394,3564.098335,23.66666667,6.22,0.56561879,0.70311628,1.41139587,115.6475,52.82215353,46.082,3.0493,12.48999647,-4.13296549,0.02087292,260.3295114,2197.665591,0.02795559,0.10097297,36123.14695,0.42994046,-30.52065979,10.70929509,0.40067478,460,3.4,0.60645638,70.2262,25,2.75,2.88,1.12,0,1,1.2648254016724,1.27517950914079,0.198961372261457,-0.74465074101787,0.753101351318064
"J15ULA-b",1.158799,0.491842702254441,135.1020408,2306.736447,16.25,4.005,0.5333698,0.65567052,1.67956026,20.8172,31.44515113,42.5827,3.6956,21.9855319,-5.4406041,0.04072621,166.3622111,582.7634671,0.04359909,0.10672672,14785.13358,0.1784053,-31.16686142,5.793995,0.29824286,331,2.5,0.54391761,66.614,35,3.14,2.92,2.46,0,1,1.2659802845408,1.10895137837329,0.249238154354674,-0.0650944377040712,0.491754771031402
"J16ACP-c",1.21336876,0.682589553707265,132.173913,1612.117063,11.16666667,4.715,0.39212868,0.51425939,1.68243993,84.476,29.71258109,47.744,2.99,17.13102385,-4.88959683,0.01960441,25.48303368,378.6789333,0.01572542,0.06106141,6927.778134,0.75681569,-29.54116142,6.0668438,0.46198044,304,2.3,0.47750049,NA,10,3.56,2,1,1,0,1.34037185795735,0.758644779665141,0.310418263377269,-0.0591491436204629,0.660001801010682
"J16ACR-d",0.337250568,0.548300432689863,227.8571429,5741.389056,20.25,4.325,0.4690637,0.58728882,1.68898254,33.53888889,44.4922975,51.4865,1.9831,15.46549888,-4.5512089,0.02127074,44.87889645,733.601399,0.01079257,0.0885149,8883.122661,0.83250738,-30.76180779,1.68625284,0.07016849,319,2.7,NA,NA,25,3.44,1.84,3.08,1,0,1.31169690139354,0.740480021501445,0.370950685083608,0.0177051383389446,-0.0622286522868655
"J16ACR-e",0.254969262,0.116761136596941,172.3809524,4831.897824,21.83333333,5.46,0.5154125,0.64499484,0.73768139,48.96777778,40.66165959,48.8228,2.621,12.2496134,-6.67496889,0.01583806,28.01533794,476.4826189,0.00769203,0.07045065,6631.622859,0.86620624,-30.75265427,1.27484631,0.05829085,362,2.5,0.5096161,NA,25,3.44,1.84,3.08,1,0,1.2336417815624,0.809802434576061,0.302330248074861,-0.0234738654227245,0.553941086523806
"J16AMSP-b",0.139106502,0.137945192402225,173,5623.83897,14.29411765,4.975,0.58143296,0.74524715,0.81180496,19.61509434,38.71681416,49.3025,2.6285,12.81242968,-4.1899214,0.01741933,53.13258252,982.918599,0.00948781,0.16857907,5305.704796,0.9421645,-31.50534103,0.69553251,0.03124047,346,2.4,NA,NA,12,NA,NA,NA,1,0,1.19261363814502,0.754635729187132,0.283173538652193,-0.125462386110803,-0.174717017671123
"J16BEPO-d",0.139811484,0.477767887263545,95.68181818,1676.821982,22.2,5.15,0.51457835,0.58899676,1.47226739,13.15315068,53.95863276,51.6016,3.3007,15.4995017,-1.05268848,0.01956632,54.1485953,1056.368264,0.00772169,0.10475364,7739.815056,0.99356952,-29.46673668,0.69905741,0.62261789,421,2.8,0.47087379,NA,15,1.5,2.34,1,1,0,1.29179636527027,0.66817222097995,0.383248875162114,-0.0599869569352466,-0.946492197040626
"J16COA-e",0.361531772,0.306794542673322,172.2727273,4654.542907,26.8,5.425,0.51196609,0.61865854,0.24649384,13.45631579,28.12218876,47.7668,3.2793,19.16276724,-3.54944962,0.01600442,48.10767143,663.1468875,0.00445788,0.12267704,7524.070824,0.7020459,-30.071315,1.80765887,0.1892017,379,2.7,0.62187248,NA,10,4,1.77,1.02,1,0,1.18497081140429,0.84242661042807,0.494588938526284,-0.134183866856131,-0.760573671787819
"J16FAG-c",0.400258578,0.255223122180438,184.7058824,3138.356096,6.52941177,4.11,0.65616198,0.75736041,1.46077713,31.72741935,23.84220426,50.1072,3.0015,11.08918908,-3.23811425,0.02366403,36.17351695,685.9585233,0.01259495,0.106747,5510.432816,0.96577783,-32.29928444,2.00129289,0.14861764,314,2.25,0.55912007,NA,25,4.75,1.5,1.5,1,0,1.17494221481551,0.812398772360719,0.348615488667678,-0.212475453867192,-0.0550908117875343
"J16FRA-b",0.45514923,0.124370512179175,166,8634.801977,37,8.195,0.51694162,0.67180269,0.66077426,213.665,40.29672618,47.8588,1.8764,10.89895036,-4.27745033,0.02390824,606.1273064,375.2206885,0.47572347,0.25058351,12740.16345,0.03152775,-28.37230957,2.27574616,0.15362091,664,4,NA,NA,30,2.46,2.38,2.59,0,1,1.31125622740256,0.85650075432538,0.421654449858705,-0.467398524425312,0.0118868261680761
"J16POG-a",1.149716882,0.354877854787882,152.2727273,6007.109892,25,6.06,0.44979057,0.4224362,0.9605411,31.6704,60.3086794,47.2253,4.1779,22.51503195,8.58351072,0.02101779,96.41277071,1763.44829,0.00689606,0.14969086,10195.49752,0.93153307,-29.94122589,5.74858441,0.15596211,670,4.6,0.39806217,NA,20,1.21,2.5,2,1,0,1.16173244354034,0.787527819881971,0.208836991265268,-0.0101926549569005,0.579504325758841
"J16PRS-b",0.136620128,0.0798221033747382,154,1049.343047,8.78947368,5.43,0.54199893,0.69803571,0.41045252,12.11682927,31.0191429,47.9318,3.0361,12.36634045,-3.40962352,0.02743291,32.80624226,621.0261678,0.00563021,0.12001295,5044.555751,0.9641032,-29.92446754,0.68310064,0.03512921,231,1.6,0.55095541,NA,22,2.46,3.02,1.06,1,0,1.25344678049668,0.742538258348353,0.337073830121174,-0.354812604450975,-0.799268478867114
"J16QUR-c",0.73077113,0.520277618667765,176.9565217,5941.240141,14.42857143,6.54,0.59969898,0.70085603,0.91162512,52.2305,43.03041326,49.5888,2.8839,12.75300418,-3.74246944,0.03191971,365.8017129,1900.48488,0.04066081,0.12517881,43748.95719,0.26459936,-31.46484993,3.65385565,0.14494125,407,3.1,0.61090226,NA,25,2.75,2.88,1.12,0,1,1.37673066003195,1.23802803270272,0.679608618175916,-0.364636349314971,1.16669908763658
"J16TIA-a",0.508306902,0.105708067347141,125.9183673,2502.329523,9.9,5.785,0.32762082,0.37091556,0.663298,38.26827586,21.75205897,46.8366,3.4312,21.3670743,-1.35965777,0.02242629,128.6809428,2171.443795,0.0092212,0.22152676,7730.11568,0.85941805,-32.68570602,2.54153452,0.27252884,617,4.6,0.29756098,NA,35,3.98,2.88,1.26,1,0,1.23339159662748,0.775326678055367,0.258360980619869,-0.0297117673354262,0.569726210161531
"J16TIA-b",1.155117946,15.5113495700919,159.4736842,1187.792904,32,6.475,0.28812148,0.39383757,1.18928747,114.1727273,29.66796719,44.8839,3.5655,25.80580129,-1.58606989,0.02667011,51.92301512,836.5645408,0.0182606,0.16838743,3625.157632,0.82055871,-31.19426765,5.77558974,0.54464928,303,1.9,NA,NA,35,3.98,2.88,1.26,1,0,1.22839570702832,0.834525423939203,0.34976824642021,-0.182018328729999,0.130843438747179
"J17ACR10",0.731419581999999,0.0866597117900525,197.1014493,9100.00799,21.33333333,5.16,0.51880369,0.65918699,1.41913044,35.89695652,54.44327362,51.7684,2.9123,13.21106008,-3.70281857,0.03352594,25.8756593,377.7666706,0.00701968,0.06772806,6967.912358,0.74353655,-30.53933449,3.65709791,0.16831671,680,4.8,NA,NA,25,3.44,1.84,3.08,1,0,0.299506956165583,-0.0543414630040627,1.45129020345389,3.14914211812452,0.338597335809337
"J17ACR11",1.465475648,0.153288471893106,103.4,2276.433367,7.72727273,5.545,0.52722795,0.55680244,1.14311172,29.78483871,28.3755537,49.2788,2.2059,15.14435088,-2.21736505,0.016888,49.68368204,862.9270524,0.01163938,0.10064545,8494.084443,0.88456636,-29.62441109,7.32737824,0.34271619,517,3.7,0.54237867,43.7605,25,3.44,1.84,3.08,1,0,0.307347142183823,0.165749590668938,0.804988455679509,0.652479578526494,0.628925747816901
"J17ACSA30",0.856916686,0.0577598880081928,182.6530612,19897.44813,9.375,4.95,0.54015329,0.80330389,0.85570074,36.60323529,32.32597569,48.0312,1.9905,16.23715279,-2.01526978,0.030041,27.8415949,500.6034726,0.00992836,0.06567897,5615.495093,0.91573509,-31.49688957,55.73116207,1,895,5.2,NA,54.8548,35,4.76,2.88,3.37,1,0,0.243751533448313,0.371436252474826,0.843433233399709,-0.069334059891332,-0.95367813954066
"J17BEPO13",0.03585187,25.5840121115616,174.4444444,3162.487714,17,4.235,0.45672599,0.44302741,1.58222222,17.5153125,63.99757355,51.2523,3.1171,18.05083285,2.29820713,0.01419868,75.56442409,1454.519366,0.00365173,0.14011253,6277.444354,0.98032988,-28.83520973,0.17925936,0.14170814,314,2.3,0.4139785,38.59233333,15,1.5,2.34,1,1,0,0.629872664556057,-0.4368316355723,-0.835141427373726,1.75969738929605,0.431098716772516
"J17BEPO14",0.051506922,0.127350203061264,124.2307692,452.2550522,18.91666667,4.575,0.55050037,0.59913615,0.97591889,9.66888889,52.1719145,51.6132,3.283,18.44948487,-3.88550633,0.01664043,19.87424561,344.3943658,0.00258083,0.05789023,5575.772459,0.88254223,-31.71050949,0.25753461,0.24538639,323,2,0.49149081,48.003575,15,1.5,2.34,1,1,0,0.395051396579437,-0.0375890490707631,0.105694661652879,-0.1390396551251,0.77624981370165
"J17CAC17",3.07295875,0.680622205076431,138.0952381,5427.358448,20.75,8.185,0.46889584,0.80511166,1.37654023,292.075,42.82290508,45.5871,2.8022,10.54999743,-2.05700137,0.04227418,465.1831254,452.380197,0.45552185,0.2049061,33384.61331,0.04952788,-29.4551358,15.36479375,1,580,3.2,0.38103161,62.752,25,2.07,4,2.5,0,1,0.66737636426754,-0.0492294922713286,0.48501250288127,0.573173781834173,1.07562193762209
"J17POT14",0.801628046,2.79291309753979,167.9166667,4130.053079,34,5.835,0.45961595,0.48652893,1.76674007,16.55414286,68.63193504,51.8212,2.9976,14.88474512,-2.02029218,0.02619547,56.84078569,1067.233215,0.00807679,0.12477449,6658.697372,0.95624543,-28.76329277,4.00814023,0.14008226,403,2.4,0.53065466,54.9505,25,1.21,1.77,1.77,1,0,0.318769367710032,0.0341465221674843,0.394338256785551,-0.0351547790927486,0.531205577580234
"J17POT15",0.30534808,1.05395583993001,194.7058824,2850.244284,11.625,5.035,0.44937304,0.43141361,0.89639774,10.62272727,59.73470261,48.7445,2.519,18.0882573,-2.82685615,0.0183762,37.26240811,697.1188044,0.00238632,0.10823761,6199.15348,0.95280931,-30.4128846,1.5267404,0.05216958,331,2.5,0.45156556,41.03324,25,1.21,1.77,1.77,1,0,0.302334101398242,0.096996214312203,0.305305229547282,-0.0387791027564205,0.867325598255882
"J17QUR25",0.27759368,0.640267715116785,174.6666667,4010.304438,13.55,6.03,0.61547888,0.70558511,1.2294277,45.77714286,51.9207964,44.745,2.2664,10.9232699,-0.42221991,0.05340135,122.1285983,471.2393493,0.04632334,0.06301828,31800.69843,0.19651436,-30.48014534,1.3879684,0.05650671,262,1.7,NA,75.4216,25,2.75,2.88,1.12,0,1,0.728304620994046,-0.0403902100841472,0.920472307527108,0.244935531512078,-2.29694417186991
"J17TIA23",0.363301864,0.482266988788427,124.2857143,696.7590192,16.14285714,6.43,0.35770408,0.30215463,0.81175018,43.09315789,30.02064072,45.8642,3.157,20.65311213,0.05948209,0.03642929,65.26612185,1186.595141,0.01289459,0.13381811,5307.259933,0.92594431,-30.95980347,1.81650932,0.21267012,261,2,0.42871795,68.4212,35,3.98,2.88,1.26,1,0,0.406016115612463,0.419364675389928,0.718449840914744,0.0501462222630696,1.30004195446039
"J17ULA14",0.125756776,0.0669029636438474,150.8333333,2820.362446,9.29411765,4.555,0.50183662,0.64641975,1.04684932,19.7672,32.85240196,45.5405,3.0034,18.88553522,1.31984535,0.04989801,97.28563476,248.3889285,0.06146232,0.1420769,6604.169964,0.13003301,-30.6911248,0.62878388,0.0304528,362,2.7,0.46974847,74.6035,35,3.14,2.92,2.46,0,1,0.452208401415,0.494435491408133,0.791229015803187,-0.311196908583928,0.984622659952104
"J17ULA15",0.22634213,0.0880438906208857,130.2941176,3772.083428,8.5,5.025,0.53957374,0.72166234,1.09132581,18.06606061,33.4127277,42.7684,2.3746,20.32632386,-1.14233376,0.04646613,257.0043269,972.8360071,0.02489956,0.14572762,9628.050576,0.19278326,-30.71479118,1.13171065,0.0589318,443,3.1,0.6725538,71.94524,35,3.14,2.92,2.46,0,1,0.273408717662863,0.426685836313078,1.07622145819233,-0.282187718298719,-1.66443142983718
"J18BEPO15",0.190914226,126.028559819464,114.4736842,1624.471067,22.33333333,4.305,0.48717259,0.55293247,1.65675907,7.83365079,86.62262928,50.2095,2.9707,20.2414485,-2.53437692,0.01690142,85.23560825,1577.214676,0.00470319,0.18210867,7119.431634,0.94240993,-28.19811043,0.95457113,0.80491197,435,2.9,NA,44.26966667,15,1.5,2.34,1,1,0,1.41540041678318,-0.796394594001604,-1.38920350804921,-0.280595940338653,2.02145269069461
"J18POD8",5.597296266,1.26005306693579,106.3829787,1132.525405,45,5.145,0.48903499,0.42575557,2.96578366,20.97878049,101.4381547,44.6631,2.3883,14.9660505,-1.26201039,0.01868352,164.6063741,2765.150525,0.00769925,0.18083206,14880.28227,0.85554378,-28.98805031,27.98648133,1,500,4,NA,55.4734,30,1.7,1.57,3.03,1,0,1.23742734861383,-0.463163805558591,-0.91082342924603,0.0328113464939945,1.7639168774589
"J18POD9",1.395009964,938.442540429681,220,1299.94218,100,4.375,0.485566,0.50830769,2.65993989,29.415,109.3708264,46.7352,1.9107,13.28352151,2.09213962,0.01640342,172.3581841,2963.472685,0.0054403,0.18714716,12887.37985,0.87566729,-28.24588402,6.97504981,0.24746133,253,1.7,0.47386667,0,30,1.7,1.57,3.03,1,0,1.20054945829469,-0.879999237497097,-1.98981629568789,-0.462274197522784,2.37845847022093
"J18POT17",4.016364752,10.0060327678037,134.6,4667.362432,100,4.455,0.4612283,0.45758907,2.05563033,25.193,101.0598182,50.71528769,2.2456,16.40493393,-1.83950152,0.01748106,163.5820325,2937.020312,0.00235362,0.22083408,9018.586047,0.91441104,-29.24295647,20.08182377,0.70431065,673,5.2,0.4892905,0,25,1.21,1.77,1.77,1,0,1.38899228893843,-0.477138198759983,-0.682380493614641,-0.395605943569984,1.42175377224294
"J1ACR17",4.47490613,0.688293631068065,127.826087,3836.254423,12.55555556,6.365,0.50380037,0.60030278,2.03729906,30.97844444,82.13596551,49.68676197,2.2202,9.91534818,-3.37006273,0.0150507,31.36802279,529.046519,0.01712459,0.06957222,7714.142427,0.85896769,-29.97238953,22.37453066,1,588,3.7,0.65204236,43.8495,25,3.44,1.84,3.08,1,0,0.932202459701037,-0.0217638955165551,-0.343593832668099,0.0675430485583838,0.537169892129193
"J1AMSP19",0.449642648,0.32284546865611,182.8,9141.636076,12.58333333,4.595,0.64208855,0.80211238,0.88829905,12.2944,54.30114524,49.1157,2.6857,17.29027035,-2.54999529,0.02013537,48.87553934,931.1579034,0.00435856,0.14744725,5961.696008,0.97029073,-30.26641281,2.24821324,0.11151489,457,3.6,NA,68.34426,12,NA,NA,NA,1,0,0.735728288751901,-0.168474538106369,-0.192335885923247,-1.14259091861138,-5.63742719877325
"J1AMSP20",0.311848152,0.230311453846789,125.2631579,1912.374508,11.125,4.715,0.62021664,0.83738726,0.97521111,12.6,79.52380952,48.2173,2.4126,10.72142194,-2.04311244,0.01582692,87.19701086,1569.017,0.00421722,0.2175427,6622.476917,0.91642338,-31.2407621,1.55924076,0.07470627,238,1.7,0.84688655,63.79336,12,NA,NA,NA,1,0,0.952045806500772,-0.588693974963083,-1.19623521352117,-0.499780024776331,-0.0230440710111202
"J1CAC22",0.51008155,0.554673301496054,187.4698493,5533.040965,14.4,8.37,0.43091831,0.74133333,2.54784678,464.5518182,50.42983756,47.67018742,2.7813,11.88809947,-2.55391064,0.02230586,158.5227034,1462.722827,0.08442116,0.09941487,11810.62239,0.46993812,-29.57202751,2.55040775,0.15254622,318.6987438,2.6,0.58808456,51.02435,25,2.07,4,2.5,0,1,0.69200428945219,0.15636727953331,0.0507723595012302,-0.574026068730597,-0.783868632391933
"J1COA11",0.216589448,0.203272305761924,138.8571429,1455.272286,15.18181818,5,0.54047091,0.55669995,0.90112229,20.58982456,34.95168794,44.2194,1.9331,8.18448233,-3.2254799,0.02307976,49.53382112,879.223257,0.01001364,0.1344064,6630.802904,0.90399795,-30.20851883,1.08294724,0.11965945,243,1.9,NA,68.4545,10,4,1.77,1.02,1,0,-0.54596673875377,0.824989066690158,-0.555780844401592,-1.53104793280356,0.188957446684153
"J1COA12",0.907670796,0.271691142187965,127.755102,1484.63961,13.75,4.66,0.5661757,0.61280734,0.56416416,13.91617647,47.0886611,45.2346,1.491,8.53564046,-5.52200781,0.01577662,83.86058155,1514.469355,0.00366774,0.15607879,9744.664581,0.91975621,-29.18076714,4.53835398,0.52531157,313,2.3,0.58705701,65.835,10,4,1.77,1.02,1,0,0.80309347416992,0.125983637910516,-0.316434085456854,-1.14603976825654,-0.426516390498255
"J1FAG2",0.291012952,0.0625376285568996,140.1332682,4070.326706,26.33333333,4.05,0.61130843,0.75703102,0.64406145,66.65625,27.77308955,47.6019,2.4092,13.5843369,-0.37181156,0.02550069,47.51315218,782.0403318,0.00531436,0.142547,5767.271896,0.83827288,-30.84949646,1.45506477,0.10066798,434.4131313,3.5,0.56379917,NA,25,4.75,1.5,1.5,1,0,1.03175887764764,0.2654056234534,0.301617959245885,-1.21237637434872,-0.828737965805797
"J1FRA1",0.700253778,0.36401688843698,235.8302444,14725.17246,54,6.42,0.51000221,0.84398714,1.37206421,290.04125,32.94358992,46.1288,3.0083,19.05024048,-4.80157145,0.02448553,541.9415428,1661.039622,0.13398836,0.18349758,53001.65024,0.15609812,-30.89438232,3.50126888,0.23317529,507.0350255,2.9,0.4939759,NA,30,2.46,2.38,2.59,0,1,1.01102068505396,0.213989435475313,0.151181644889086,-0.675744327378771,0.193551245048182
"J1POB15",0.534925316,0.13647239596669,132.9411765,2590.984134,36,6.955,0.56758218,0.54948775,0.86029241,26.03875,103.8596323,48.9374,1.6944,10.97340155,-7.18982651,0.02345441,34.33496257,631.2750061,0.00560536,0.11632682,4222.471649,0.93637999,-29.54895844,2.67462658,0.23057349,452,3.1,0.63643858,71.16105,25,1.27,1.77,2.63,1,0,0.983044730788724,-0.762059261556101,-1.49630967457351,0.277126583217336,-0.853773121259286
"J1POB16",1.571485326,0.643618138934458,110.2702703,1948.878177,9,5.605,0.57280997,0.51875773,1.09888336,19.8364,91.89167389,49.3372,1.8882,8.26474372,-6.42209961,0.03131506,72.90520245,1345.355799,0.00685779,0.18522697,6789.872656,0.93982879,-30.34401001,7.85742663,0.68360992,408,2.6,0.63250883,66.95045,25,1.27,1.77,2.63,1,0,0.766624352580959,-0.864568619564288,-1.55673371313516,0.492500138050841,-0.36370167064979
"J1POD1",1.018445042,0.247252200856974,119.3716604,2462.60707,29,6.435,0.48583851,0.53586246,2.30632465,32.3448,95.39709629,46.6612,2.0945,12.88935929,-3.63655405,0.01546135,112.8107378,1933.742588,0.00970474,0.1429185,8042.349382,0.87300822,-28.6098362,5.0922252,0.18076374,465.5494757,3.8,0.550715,53.36845,30,1.7,1.57,3.03,1,0,1.14131516657546,-0.4313204832664,-0.752007910936732,-0.398888356039776,0.181549293702296
"J1POD10",0.937285804,0.22946157578461,100,555.6668794,37.33333333,6.035,0.53449693,0.55577135,1.58668356,20.88414634,109.2671533,47.1025,2.7626,13.36575502,-5.59071549,0.03030898,102.640606,1791.634528,0.00684769,0.15049246,7907.096342,0.88899706,-26.33987984,4.68642902,0.1830202,280,2,0.46550653,51.72813333,30,1.7,1.57,3.03,1,0,1.12398991904592,-1.51578234036941,-2.51572030319268,-0.166740880887343,1.03066644458335
"J1POD2",0.819342012,0.321600509763118,126.9260483,1731.008973,19.25,5.64,0.5058015,0.52096296,1.04902728,13.87757576,92.56266923,46.3526,2.1924,12.60556905,-5.56183958,0.0209012,184.2165332,3074.943533,0.00589246,0.20533858,11167.81328,0.8501169,-29.46727669,4.09671006,0.15140043,336.3540279,2.8,0.48783186,58.343,30,1.7,1.57,3.03,1,0,1.16973226960818,-0.527655019321663,-0.968885502418046,-0.461479677797502,0.334067422453398
"J1POG11",1.324513016,0.444886357903446,143.255814,5966.479341,13.83333333,6.98,0.53160762,0.50975169,1.2359472,28.1125,89.65095598,48.4728,2.1862,10.06310977,-5.17349678,0.01930101,92.14161905,1540.75309,0.01468042,0.13688494,11614.51083,0.85162288,-29.80174431,6.62256508,0.21235637,616,4.1,NA,67.8555,20,1.21,2.5,2,1,0,0.971910749982138,-0.558266452836492,-1.21603662648241,-1.24288767705843,-1.43142036501326
"J1POG14",3.83328288,1.77046362278171,85.34883721,977.1017841,13.5,7.98,0.48686113,0.48357021,0.8609811,21.24413043,98.90199851,47.7055,2.082,11.7234817,-3.72365604,0.01911596,104.631225,1726.649893,0.01173064,0.16753929,6227.885839,0.84045233,-28.74671753,19.1664144,0.56285151,367,2.9,0.64234405,75.5945,20,1.21,2.5,2,1,0,0.857800099048844,-1.05690218109373,-1.65323934639033,-0.517389337069578,-0.00339562649767697
"J1POG2",0.27122744,0.243868973373382,175.6691328,3828.845248,12.5,7.215,0.43930796,0.39392713,1.5674874,27.46714286,68.28195469,51.7035,3.1147,13.81525241,-2.02660875,0.01457136,125.1110025,1840.051809,0.01272746,0.18161204,9301.074521,0.74903939,-29.92030106,1.35613719,0.03593524,421.6059187,2.1,0.70139329,82.0575,20,1.21,2.5,2,1,0,1.01254447366175,0.000377992360499379,-0.425714585881497,-1.02340446613142,0.126136943413853
"J1POT2",0.619768214,1.24454498060002,160.8220166,2430.709871,6.18181818,5.51,0.43638975,0.44675,1.66725971,15.18543478,66.74015432,48.9116,2.4942,13.0736773,-3.2734886,0.0277264,67.59485205,1177.247692,0.00840261,0.17567856,4901.783698,0.88700146,-31.08718285,3.09884108,0.1028298,321.6440332,2.2,0.50012541,53.0256,25,1.21,1.77,1.77,1,0,1.00297734115747,-0.348937952576375,-0.368086725865152,-1.90330340399893,-4.95179388375841
"J1PRP1",0.36523583,0.128209125457991,99.57311153,2034.380906,7.11764706,5.145,0.59441201,0.59112936,0.78378433,8.27695652,58.78027,45.78594874,2.1978,14.19160304,-3.42753353,0.02805967,91.33768763,1691.143296,0.0063385,0.16953618,6389.722334,0.94297571,-29.66652901,1.82617914,0.14637217,433.1430352,3.5,0.66919366,51.5365,12,NA,NA,NA,1,0,0.797559882623061,0.0405522029317679,-0.201039090910241,-0.718648925792298,-0.198637193272861
"J1QUR1",0.454077476,0.545418093940532,198.4693836,5182.873944,34,4.67,0.5990241,0.7965767,1.1742997,77.12272727,50.80450286,46.7179,2.3286,12.04504529,-3.17136322,0.04391547,176.8739642,412.5625771,0.08322474,0.09274353,29172.97652,0.11879442,-30.40546425,2.27038739,0.08996044,337.3979521,2.4,0.63081902,NA,25,2.75,2.88,1.12,0,1,0.96091719858987,0.151723476616183,0.205384343550704,-1.72380377134972,-2.67992971436542
"J20BEPA18",2.599095404,2.42135572895665,172.4590164,5102.913776,100,3.25,0.52516376,0.49958309,2.11842105,42.44,74.55230914,49.4409,2.8572,19.48451254,-0.66045309,0.02976881,47.55622556,918.3922244,0.00255755,0.15109301,2666.908382,0.98353752,-28.4660923,12.99547702,0.44343446,526,3.8,0.51643489,0,25,1.54,2.02,1.25,1,0,-0.768911181608118,0.593369034948242,-1.2583067567391,0.439723522696566,-1.359403318055
"J20BEPA19",2.88182975,1.94127255602356,127.2727273,1806.610644,34.75,5.745,0.48929583,0.51574692,1.8052539,34.55758621,80.146083,46.3433,1.9846,12.13441019,-0.47469263,0.02412775,141.5172428,2718.954476,0.00686928,0.16513618,11389.13986,0.97850419,-29.70036446,14.40914875,0.45809157,420,3,0.53883162,36.92205,25,1.54,2.02,1.25,1,0,0.118169206298142,0.238514492137246,-1.09793966505186,2.01591422886029,0.175387048531711
"J20BEPO18",0.059870046,2.83643790298878,204.7058824,1554.773096,44,3.255,0.53059326,0.51361111,1.54686602,16.08681818,59.64793309,46.6466,2.7701,22.22734398,-1.12821342,0.01843422,57.18138686,1089.469844,0.0029151,0.10197581,9801.15725,0.97035498,-30.39388512,0.29935023,0.27491509,348,2.2,NA,46.7733,15,1.5,2.34,1,1,0,-0.768422926981686,0.656706347295544,-1.12700429564052,0.995869833101534,-1.14051367291165
"J20CAC20",1.629069454,1.02783413008289,171.1111111,6201.898783,60,6.4,0.471421,0.7960396,1.68208152,424.4933333,52.54892107,46.4254,1.9776,15.01163424,-1.69770504,0.0388352,200.3002396,1192.705551,0.03803797,0.0720003,39853.64909,0.30326471,-29.73559654,8.14534727,0.53298553,462,3.2,NA,35.104,25,2.07,4,2.5,0,1,-1.77984177863533,0.781568098321089,-1.90291809349765,0.189552939231946,0.497136325607233
"J20CAC21",2.422044746,0.262716457660586,115.9090909,2993.519502,55,6,0.47198821,0.75142055,2.29073608,216.57875,57.19628542,46.9936,3.0628,12.33492812,-1.48731697,0.050394,132.5910973,1369.083322,0.02171481,0.04282149,36882.33308,0.52587875,-31.34992111,12.11022373,0.79337808,510,4.3,NA,58.9522,25,2.07,4,2.5,0,1,0.131596708460242,0.306490668906735,-0.548006734431827,1.49611111092139,-1.95113223567438
"J20COA8",0.885372596,0.732946174228187,120,2473.604122,10.8,4.975,0.48866196,0.53824242,1.09282168,22.54878049,41.64413196,46.1178,2.0523,9.82133049,-1.47785251,0.01967798,28.26475721,486.7587041,0.0101178,0.09069369,5932.15068,0.87707873,-30.27869164,4.42686298,0.44225421,342,2.6,NA,50.8161,10,4,1.77,1.02,1,0,-0.899058205043729,0.863554552120663,-0.847156603503461,0.420703083154049,-1.55566741704316
"J20POT22",5.643265386,3.30831513198739,166.4,8627.81114,51,4.805,0.46607345,0.43359298,1.77144666,32.57454545,97.11989283,51.1322,2.6786,12.92897475,-1.03413792,0.02388196,49.10188883,906.4968488,0.0048429,0.12102797,6871.111046,0.94023889,-29.9556591,28.21632693,1,832,4.6,0.52981427,0,25,1.21,1.77,1.77,1,0,0.100227703417483,0.258169650317443,-0.844032227838359,1.71462658832511,-0.272775292808972
"J20PRS14",0.871047876,0.288742658447895,116.8253968,3267.050696,13.5,4.59,0.57461082,0.7127674,0.67453917,24.10055556,45.06581222,47.148,2.9233,12.84184617,-2.97126092,0.03621392,34.23292253,657.3287988,0.00361502,0.09939765,5747.229901,0.97793231,-31.744925,4.35523938,0.23744939,368,3.8,0.60944555,59.61093333,22,2.46,3.02,1.06,1,0,0.251791568491123,-0.0573387414712288,-0.719998642524741,2.13596630750027,-0.258410340510523
"J20PRS16",1.469110944,0.16269548493904,122.8,5157.419145,26.75,4.7,0.4834906,0.65532323,2.84492223,33.46833333,47.13410687,47.8306,2.7711,19.84125003,-3.22747422,0.02226822,36.14901293,682.2320519,0.00891757,0.10771247,5630.143242,0.96118235,-30.53047264,7.34555472,0.33697513,614,3.8,0.62993421,68.9645,22,2.46,3.02,1.06,1,0,-0.622231243134669,0.937112292002265,-0.72786503066131,0.456746673648571,-1.74903340600131
"J20PRS17",0.121533728,0.0890716809839768,112.2727273,1308.35113,9.15384615,5.3,0.5300305,0.75571754,0.97670665,16.96275,48.66545814,47.6159,2.8835,24.40064529,-2.14050032,0.02158523,34.65358544,667.2351668,0.00602063,0.11527467,5229.843498,0.98062026,-28.27298058,0.60766865,0.03055997,247,1.7,0.47794677,59.45814,22,2.46,3.02,1.06,1,0,-0.446070184357576,0.756571238881241,-0.869638366033031,0.423777124579736,-0.559213440069444
"J21ACP17",0.907898936,0.153602828420539,120.8,908.3969121,19,3.885,0.46949376,0.57214421,0.96899225,77.5775,26.16738101,42.6539,2.4233,17.66090985,-3.30467089,0.01640242,22.91182702,341.0004112,0.01006724,0.07267316,5204.620027,0.75799317,-31.19734749,4.53949469,0.4138753,302,1.8,0.5756807,36.327,10,3.56,2,1,1,0,0.175706568984582,-0.940766302765323,1.95927265278906,1.19982551930211,0.722628926417585
"J21ACSP13",0.688450574,0.268211714436035,87.11111111,1241.255234,18.8,4.51,0.44467515,0.52194783,1.83450586,51.21214286,43.36304169,48.9201,2.9013,15.54707917,-3.83439199,0.03085695,19.23187382,326.0244037,0.01059183,0.0634468,5180.853558,0.86337331,-29.24849831,86.05632181,1,392,3,NA,47.147625,5,3.31,2,2,1,0,0.0656640678305432,-0.946484542305196,2.36626291344384,2.41352999722781,0.770207492393817
"J21ULA19",1.183278674,0.248992221393079,75.10204082,1046.837642,8.23076923,5.075,0.43733012,0.66823744,0.56456872,12.26818182,27.5657651,42.6118,3.4077,21.85941196,-0.27734381,0.02617903,405.4140715,492.0777931,0.06893855,0.27586002,14542.43024,0.06181659,-32.40258896,5.91639337,0.24970656,368,3.1,0.50984849,83.754075,35,3.14,2.92,2.46,0,1,-0.44023191798969,-0.599977375426668,3.00660544978829,2.4993240139849,-1.56850876801637
"J23POG15",2.010671802,9.30138190855789,144.6153846,4054.358545,14.91666667,6.69,0.4074554,0.40855,1.06069739,25.68925926,76.45506841,51.5029,3.8438,18.34282788,0.56096273,0.0129038,259.0132485,4529.91083,0.00718448,0.21396518,13272.75455,0.89071299,-27.67838402,10.05335901,0.24708087,564,4,NA,68.60466667,20,1.21,2.5,2,1,0,-0.0493951433650837,0.378861783513019,-1.10997892120148,-0.720051675138693,0.418152179497209
"J23POG16",0.69372374,-Inf,170,1949.246519,19.4,6.01,0.37738222,0.37902813,1.33395541,22.40130435,67.32915397,51.2812,3.9409,16.2607635,1.48137604,0.01370492,68.07069822,1160.052204,0.00840789,0.11250588,6009.758666,0.86793547,-28.52548264,3.4686187,0.07895613,323,2,NA,64.5125,20,1.21,2.5,2,1,0,-0.0613672136064598,0.54513217341966,-0.955977780810962,-0.548686176620299,0.633678852439966
"J23PRP12",2.717946214,14.4363191832195,152.7586207,3080.98396,5.13333333,3.37,0.54570957,0.58944351,1.9535501,8.52530303,47.80777365,49.7611,2.9548,17.30347394,-1.82993675,0.01962619,38.9404599,741.866333,0.00421111,0.10810383,5253.502153,0.97027468,-26.86771667,13.58973107,1,443,2.5,0.39002453,55.591,12,NA,NA,NA,1,0,-0.11044580284145,1.08505279113806,-0.240344364574475,-0.261281827482427,0.082524706464903
"J2BEPO3",0.211011524,5.72456651942339,168.1878706,1560.249832,70,3.845,0.431605,0.48728943,1.21212121,33.74666667,73.38996444,51.9195,2.6283,21.34417505,0.16984163,0.01592943,134.4422234,2568.734465,0.0015679,0.1771564,12470.61238,0.97309141,-27.96968521,1.05505762,0.78816998,386.8321025,2.1,0.41134752,49.259,15,1.5,2.34,1,1,0,1.05096691714491,-0.672409715385819,-0.882209767663148,-0.231261699663187,0.73961112764829
"J2FRA3",0.919351866,0.341709704884025,177.3628672,9565.50094,52,5.42,0.53341501,0.76268156,1.56272769,162.7346154,75.81007303,41.7288,2.0035,16.48457729,-5.52993523,0.02419698,389.1951861,2187.298248,0.05086044,0.14201394,26337.81465,0.28622704,-28.62358864,4.59675933,0.32018575,567.5611749,4,0.57026793,NA,30,2.46,2.38,2.59,0,1,0.817014332792683,-0.0277360785448793,-1.16292325861258,0.065225812859261,-0.765553529263603
"J2OSV3",0.396402902,0.0784995279376971,111.6074751,1887.820883,11.1,5.2,0.57895731,0.82645418,1.28360656,25.59923077,42.84984525,48.0268,2.3406,10.23575322,-1.65548687,0.02572805,49.69193402,961.7688447,0.00431573,0.09546015,7785.826318,0.98572306,-30.61052475,1.98201451,0.28837692,306.9205565,2.3,0.68813033,NA,12,4.58,3.25,1.07,1,0,0.314260566707226,0.397033903218597,-0.891200319270175,-0.613912764063801,-0.773275487994
"J2POB3",1.52586951,0.330850271729666,105.3850017,753.5530726,11.28571429,7.89,0.58504658,0.54313433,0.78743729,23.00769231,108.7707567,49.508,2.2393,8.35465443,-1.90856745,0.030712,59.29544377,1066.4198,0.01038631,0.14605438,5607.808434,0.91596101,-28.50084366,7.62934755,0.6779463,316.1550052,2.2,0.6984127,62.6885,25,1.27,1.77,2.63,1,0,1.16783662191576,-0.831788920398313,-2.08876661386712,0.511899855511426,0.607408421457309
"J2POB4",1.170765862,0.348415177008841,94.19643165,387.9322453,10.33333333,7.385,0.58399476,0.53765957,1.32512791,21.01179487,134.2225368,51.6177,1.4655,14.52372841,-6.42708818,0.03184448,77.90841048,1451.477746,0.0073365,0.18428992,6166.485694,0.94884691,-29.79856621,5.85382931,0.51923799,244.9107223,1.8,NA,65.32933333,25,1.27,1.77,2.63,1,0,1.20079043768975,-0.784785277556869,-2.47636783887524,0.141156674806324,1.1971244930261
"J2POB5",1.178344896,0.754918972399207,127.2825793,1119.032843,16.8,6.115,0.57486404,0.56453172,1.24093175,21.71566667,122.4461602,49.4128,1.4219,6.3720369,-8.83232452,0.02083245,57.7428625,1033.508621,0.00947409,0.14401762,5927.594265,0.91156135,-29.82544579,5.89172448,0.51442851,292.7499323,2.4,NA,51.1253,25,1.27,1.77,2.63,1,0,0.959823723461154,-0.550994673785143,-2.08119238330742,0.720907623801954,0.131049554941649
"J2POD6",1.07826175,0.443796142566406,91.33289596,1023.291182,24.28571429,7.93,0.54191418,0.56083141,1.43730084,21.42615385,103.2586582,44.4823,1.6736,10.77623727,-2.75888993,0.02034201,192.0681034,3254.935168,0.0176962,0.21494058,11065.83773,0.86309223,-29.86950745,5.39130875,0.21346982,337.931715,2.7,NA,56.00554,30,1.7,1.57,3.03,1,0,0.713767745079238,-0.751250716151055,-1.79576131425616,0.0142242127504379,-0.107260870212396
"J2POG3",1.843975872,Inf,158.043236,1620.659422,100,6.14,0.42117435,0.44668367,2.20099223,69.21125,91.82033268,48.6124,1.823,12.06031804,-9.03602745,0.02092154,101.9047368,1382.005289,0.00865135,0.15671748,9865.198375,0.69069362,-30.07437767,13.82127332,0.35112183,316.086472,2,0.52247191,0,20,1.21,2.5,2,1,0,0.713621590835347,-0.772505506273677,-1.31954128875497,-1.03636733939082,-0.00795171987887151
"J2PRS2",3.048639014,1.45671554474565,154.2113944,4934.52614,23.75,5.17,0.52244715,0.62609375,1.22204909,21.52076923,66.63807175,49.0191,3.0162,36.143593,-0.25187244,0.01934822,45.11334451,824.2804116,0.00762407,0.11626883,6142.790654,0.93055075,-28.75239433,15.24319507,0.75562027,493.476462,2.8,0.49388846,40.76,22,2.46,3.02,1.06,1,0,0.27080892761676,0.322181581223183,-0.836216151312595,-0.858472504909304,0.242730174200902
"J2PRV1",0.057024616,0.247287755815226,92.00186582,1059.338096,7.18518519,6.26,0.58209023,0.71327189,0.86212005,6.71375,67.78688016,42.2933,1.9738,35.87363666,-0.99934856,0.01922396,26.02154481,483.5462887,0.00861794,0.09996722,3727.111826,0.94640078,-28.88332687,0.28512308,0.00640637,331.206717,1.9,0.5969193,48.95313333,9,2.59,2.88,1.11,1,0,0.209297828014204,0.261181974870139,-1.13024863663867,-0.762947254152933,0.403675917302548
"J2QUR4",4.265991598,0.80237877277773,129.4701799,4042.473096,13,5.24,0.52607867,0.73016578,2.42945121,45.641,89.94982581,47.2699,2.0356,12.50677356,-5.87928684,0.0208568,284.1521453,1116.246026,0.17547022,0.13291482,26458.83467,0.20006868,-27.70983871,21.32995799,0.74224621,537.3012467,3.5,0.7179803,NA,25,2.75,2.88,1.12,0,1,0.879961958267442,-0.0787584894925399,-1.29176273710756,0.120816458366718,-0.221621422344479
"J2TIA1",0.74599238,0.138487185707715,132.4343526,3134.973836,11.5,4.94,0.36656031,0.43544031,1.89579825,54.1675,40.93783173,45.9062,3.2596,24.90729042,-1.66692837,0.02380229,79.52013007,1459.856039,0.01721934,0.16058637,5802.927363,0.93498159,-30.70866188,3.37865083,0.4053533,648.9283277,5,0.4439624,NA,35,3.98,2.88,1.26,1,0,-0.0848452464911272,1.01531761903203,-0.77679045377115,-0.236246505221373,-0.639688324594424
"J3ACSP1",1.984753938,0.3186891942504,151.239627,3914.439563,11.44444444,5.405,0.45909238,0.57267677,1.02627888,34.73176471,53.16374229,47.724,2.1401,11.12472539,-1.74120504,0.02709965,47.88331767,776.4739959,0.00729014,0.10212301,6088.55283,0.8258721,-29.24888649,9.9237697,0.11905595,544.4626572,3.5,0.56935818,47.50944,5,3.31,2,2,1,0,-0.403445014155417,1.46158470111693,-0.086251223437863,1.53872596164138,-0.762522193633351
"J3ACSP2",0.479061408,0.478539234046946,202.6919499,4965.774264,22,4.395,0.49563511,0.6107438,1.2479136,49.06333333,31.489911,47.3947,2.6432,30.277594,-4.20453072,0.02034323,59.30023872,910.3221064,0.01392828,0.10812682,7089.251347,0.78182357,-30.27141869,2.39530704,0.03102399,354.7109122,2,0.81205674,51.38775,5,3.31,2,2,1,0,-0.131311204727066,1.18206745751332,0.0620234792355381,1.79610070892975,-1.53479229590206
"J3BEA2",0.527608974,0.542989517898015,237.9996822,6326.773862,27.4,5.08,0.47846101,0.52432692,1.45175669,21.42960784,40.28694037,47.5264,2.8749,11.28733704,-1.47744356,0.02149639,58.68018408,1110.309024,0.01030461,0.08550868,9269.166355,0.96365707,-31.33714302,2.63804487,0.10481281,404.5994598,3.3,NA,61.28582,25,3.17,3,2,1,0,0.476591907010843,0.940529934950851,0.268312116170252,2.44060063341592,-0.898783237012271
"J3CAC1",0.485640902,1.47334966702157,252.0142553,10603.44711,52,6.51,0.45369357,0.7563327,2.18684598,211.276,67.73130881,42.2868,2.5681,12.29946254,-1.38607235,0.03527787,297.7595241,1779.750534,0.02953253,0.10810596,44428.59413,0.30441327,-30.2688755,2.42820451,0.15291313,365.4206701,2.4,0.73134328,44.8632,25,2.07,4,2.5,0,1,0.509900771722133,0.872777801361658,-0.0707144734613823,2.14622986546386,-0.185065749874707
"J3OSV6",0.472116266,0.0956926748704356,113.1440366,2889.917787,10.25,4.08,0.57425015,0.72650467,0.66831439,14.44153846,26.55267924,45.3207,2.6278,9.47624813,-1.70158906,0.03086045,48.04266687,922.7760453,0.00330793,0.06136937,7777.760832,0.97822626,-32.22803726,2.36058133,0.34066477,407.3185319,3,NA,64.20268333,12,4.58,3.25,1.07,1,0,-0.713458109031587,1.60902960250877,-0.173715876048316,-1.38855633954865,-0.450468376627176
"J3QUR5",0.40895961,0.598104773542957,265.4657712,13777.87339,17.75,6.305,0.58376637,0.65302326,1.31050621,115.2773333,52.34333434,45.62689027,2.9112,12.28988589,-0.48901382,0.05803335,119.5552018,828.0383301,0.03646325,0.0786852,14268.49828,0.35273786,-30.7723716,2.04479806,0.07895812,438.0185225,2.7,0.65953545,88.15535,25,2.75,2.88,1.12,0,1,0.387963167105313,1.08490040458731,0.238520896417436,2.35806849551847,-0.56759509612688
"J3ULA2",3.243255888,0.531080613844078,138.6942211,5358.547178,51,4.885,0.47401357,0.70463343,2.69600281,79.18722222,43.91842118,42.7476,3.046,12.99780495,-0.57652129,0.0276988,122.3003272,997.2995912,0.02867314,0.10414308,15695.43313,0.41530593,-29.92261543,16.21627944,0.74183191,610.2545729,5.2,NA,54.64,35,3.14,2.92,2.46,0,1,-0.260790973897137,1.31710327800004,0.479271803763173,2.99627184832606,-0.429282969120669
"J5BEA4",0.280353204,0.0748620995169105,127.1548477,2434.930007,5.75,4.105,0.4947559,0.57127389,1.06790945,35.66130435,26.34691116,47.43,2.7724,13.29421935,1.47564805,0.02209852,32.44381828,632.5679962,0.00467193,0.05874913,7136.87314,0.99299112,-32.26276764,1.40176602,0.05759067,356.0335734,2.2,0.5713963,NA,25,3.17,3,2,1,0,-0.0574927044797571,0.183299116439118,0.932715311445157,-0.843832060964385,0.303115065513853
"J5BEPA7",0.172226194,0.150383048889055,200,4249.350782,50,4.97,0.51023197,0.46358566,1.84256449,25.37047619,57.47212733,47.0431,2.2755,14.34493841,-2.16822921,0.03511119,43.96819791,853.1394527,0.00503966,0.09670156,1988.891379,0.98821507,-30.96282967,0.86113097,0.02854824,360,2.7,NA,NA,25,1.54,2.02,1.25,1,0,0.229210945332727,-0.32872012647253,0.671677115556784,-0.0127470414017335,0.172249744762678
"J5FRA9",0.134727044,0.102804308034307,173.9130435,6343.959183,12,6.21,0.47969444,0.7172524,0.84810163,104.9993333,38.044686,47.02697815,2.5618,10.43907836,-2.00401702,0.03054051,654.6307655,867.889227,0.15680718,0.23777734,11737.59681,0.06752087,-30.30227692,0.67363522,0.04219631,400,3.2,0.60620364,NA,30,2.46,2.38,2.59,0,1,0.317312306439688,-0.30021579878589,0.562124776760199,-0.0982203181088191,0.635498072531422
"J5POT8",0.783601448,0.442278568556262,149.5190228,4846.272214,12.375,5.81,0.50324517,0.47078156,0.95659907,10.75842105,81.35609804,51.3466,2.9588,11.54947823,-2.93092942,0.02611746,84.24471185,1577.522765,0.00526215,0.1946339,5353.99708,0.95368093,-30.42448532,3.91800724,0.14993051,523.3165799,4.2,0.58676414,NA,25,1.21,1.77,1.77,1,0,0.264829301461365,-0.338557020854791,0.559888675057787,-0.70874708239059,-0.216079404800547
"J5TIA7",0.66277065,0.440998987081565,137.5,1337.930639,12.71428571,6.625,0.36738838,0.36329966,1.40818991,101.005,34.9267638,45.67670043,3.084,16.51678261,0.90321011,0.01893599,71.67176062,1200.76859,0.02751235,0.18441368,4601.402015,0.85325994,-30.6688369,3.31385325,0.39847735,330,2.5,0.34357542,NA,35,3.98,2.88,1.26,1,0,0.154626569572686,-0.0798525047046035,1.11433301210377,-0.053680660312715,0.121406893110867
"J5ULA6",0.343002936,0.299499266300493,166.6666667,3257.311807,12.75,4.51,0.50674205,0.70074419,1.12233821,31.6473913,33.20556678,43.2108,3.4062,12.85012864,4.8998502,0.0281585,281.8811402,175.4719295,0.1372751,0.27817332,13393.43685,0.03170383,-32.31791992,1.71501467,0.08387225,350,2.8,NA,NA,35,3.14,2.92,2.46,0,1,-0.251100538362545,0.320433177329816,1.10885032487869,-0.746429750957949,-0.049952205262991
"J6ACR4",1.393254764,0.995884347654114,198.5,4498.168532,10.3,5.375,0.48825128,0.58946809,2.29957,35.92228571,52.98740137,50.0782,2.2811,15.86616851,-0.71705841,0.01562165,59.22798399,922.8193806,0.01590741,0.09698945,9490.82384,0.79352364,-31.38768204,6.96627381,0.30173904,397,2.8,NA,52.436,25,3.44,1.84,3.08,1,0,-0.936658502634269,0.0420613227464506,1.16242184045619,0.155193788006992,0.084512229114257
"J6ACSA12",0.275265458,0.0466533773279747,163.255814,13138.13826,11.27777778,4.795,0.55115021,0.77320988,0.76204341,43.366,37.01056127,48.8333,2.3982,15.79577958,-4.73470955,0.02069136,49.66739308,741.3845378,0.00645771,0.11010792,7146.942336,0.76022521,-31.70200882,1.3763273,0.02519861,702,5.7,0.65144864,60.026025,35,4.76,2.88,3.37,1,0,0.149081224132388,-0.78081260465355,0.397168045902914,1.01706293789378,-0.29973181180373
"J6CAC10",0.507787508,0.0573367821183041,138.2716049,5450.891706,28.66666667,7.8095,0.42981797,0.75931398,0.72549003,222.9928571,32.72366187,47.06833925,3.2607,17.82995024,-1.60824766,0.03801739,141.3763608,228.4056765,0.30803751,0.1518824,16332.32962,0.08228112,-30.17911751,2.53893753,0.15147239,560,3.5,NA,50.30603333,25,2.07,4,2.5,0,1,-0.21345289394052,-0.789831634223742,0.120984729569102,0.318882199995517,-0.261395832126776
"J6OSV12",0.249065818,0.0761033299106581,140.2597403,6820.342444,9.10526316,3.52,0.57216599,0.78304239,0.88283186,14.09166667,27.98006252,44.3507,2.6215,10.65216287,-3.07606798,0.02179235,95.15954814,1830.048261,0.00616074,0.13317259,8658.453652,0.97944552,-32.55139908,1.2453291,0.17906607,540,3.9,0.68575851,66.22676,12,4.58,3.25,1.07,1,0,0.197996186311598,-0.914902825230948,0.268272834951552,1.22059654840088,0.219475210965075
"J6PRV4",0.190325262,0.329439043728607,245,7275.072863,10,4.745,0.5218012,0.65700483,0.81912472,10.00337662,35.26082102,45.3609,2.7585,15.12448404,-1.36944686,0.02355798,26.44668732,475.8483608,0.0080343,0.10770832,4623.260142,0.91636271,-31.02600868,0.95162631,0.01916728,343,1.7,0.66599395,47.43245,9,2.59,2.88,1.11,1,0,-0.914237508054669,-0.365578299405588,1.40387039720278,1.89830916643458,-0.0831840812128795
"J6QUR13",0.144874664,0.120631348044555,180,5625.345322,22.8,6.815,0.46054409,0.70898051,1.03626614,69.32666667,41.61114393,49.5241,2.8485,17.10596603,1.51096506,0.01640885,373.6807165,1252.178412,0.06924975,0.1623951,31725.51322,0.17066153,-32.08694847,0.72437332,0.02206688,369,2.9,0.69493007,65.7633,25,2.75,2.88,1.12,0,1,0.0731470913248638,-0.516436944792922,0.97748013720098,-0.319776998704021,-0.00693495165672773
"J7ACR6",0.238097712,0.299301743763826,193.75,2453.161129,17.5,4.475,0.55564282,0.67520723,0.68835048,25.61142857,31.26394467,48.64664335,2.7148,12.22236199,-2.12242093,0.02539165,28.99091028,506.6910323,0.00446104,0.08173259,5167.323283,0.89012598,-32.03806145,1.19048856,0.05868249,310,2.3,0.61314929,NA,25,3.44,1.84,3.08,1,0,-0.307824934405829,-0.191236003174992,0.733385340835677,-0.786848636010804,0.644491759138935
"J7AMSP6",0.379180298,0.0855408512318144,158.3333333,13059.59241,20.66666667,3.375,0.57502857,0.77039841,0.98248792,27.15583333,49.31414368,47.1215,3.3376,11.41227151,-1.44836436,0.01944209,50.53631581,947.3615729,0.00257888,0.16174554,5469.907828,0.9547338,-31.33732613,1.89590149,0.08421814,665,4.5,0.68119441,NA,12,NA,NA,NA,1,0,-0.502580412509753,-0.0357795653924967,1.14050837904234,-2.19496280230545,0.855266909589649
"J7BEPO9",0.088647306,1.70941780267673,158.2608696,1890.732127,27.85714286,4.975,0.49242272,0.55856354,1.64930654,17.6074359,49.87694593,52.5132,3.5695,13.7927638,0.14092551,0.01682382,128.1564238,2491.663707,0.00794078,0.1642017,10639.80353,0.99019142,-31.72890266,0.44323653,0.37777296,364,2.8,0.45297625,NA,15,1.5,2.34,1,1,0,-0.294433241507465,-0.424773027457689,0.678802260033208,-0.244402105862371,-0.75563711911581
"J7CAC13",2.672327108,0.548312592859357,130.4878049,5415.101063,21.25,8.255,0.46374823,0.83500579,0.46087583,180.8075,60.85201112,42.41369301,2.5296,10.72557439,1.23017541,0.0358627,194.422301,426.4359286,0.04926356,0.13696169,22433.89582,0.11170634,-29.60578186,13.36163554,0.86007985,535,3.7,0.52258161,NA,25,2.07,4,2.5,0,1,-0.488264712486971,-0.181195154608485,0.33836051960991,-0.533077797027223,0.297825814235049
"J7FAG10",1.207919914,0.23802967735368,161.25,3050.225946,24,3.715,0.60258826,0.76713656,1.89413055,52.206875,34.41835965,47.2233,2.6086,11.98374332,1.45966119,0.01684143,60.74354924,1137.057049,0.00418458,0.13602022,6850.221746,0.95334963,-30.73808968,6.03959957,0.41188639,387,3.1,0.69022138,NA,25,4.75,1.5,1.5,1,0,-0.221480178442303,-0.206155546193002,0.569755181113871,0.142060846857721,0.411086400060911
"J7FRA13",3.504248252,0.835523237846085,148.8372093,6274.966323,23.75,7.79,0.43706912,0.73824351,1.36560225,181.525,45.42074094,45.9979,2.2363,12.16012383,-0.35591215,0.0197133,183.9621265,635.7115585,0.12446501,0.10524342,15597.69673,0.1759956,-30.7044619,17.52124126,1,640,4.7,NA,NA,30,2.46,2.38,2.59,0,1,-0.010719178764283,-0.521528743964754,0.664704229758705,-0.379071771455333,0.572654088699277
"J7OSV14",0.559287884,0.115602833863261,152,5389.918,17.6,3.975,0.53668367,0.75501299,0.78954306,33.334,30.71938561,44.4261,2.7702,18.32901098,1.21488847,0.0280087,65.36380786,1261.145955,0.00391841,0.13773447,2497.365514,0.98264832,-31.50937279,2.79643942,0.37716461,456,3.5,0.65243727,NA,12,4.58,3.25,1.07,1,0,-0.179168316164175,-0.122717107245345,0.741515959199881,-0.777310285846931,-1.28506723666393
"J7PRS10",0.367657604,0.248439773652932,132,971.4988838,7.35,5.07,0.52526675,0.73880702,0.34862543,10.96811321,37.60472037,46.3181,2.3787,12.50170844,-2.33010446,0.03078194,36.98239533,642.8525226,0.00819511,0.1375262,4897.287327,0.88529177,-30.67390831,1.83828802,0.09161756,198,1.7,NA,NA,22,2.46,3.02,1.06,1,0,-0.825373927156998,-0.325110850122234,0.871839134045912,-1.94909246641937,-0.173209920817585
"J7PRS9",0.925714218,0.464064115835948,100.6896552,1491.766804,32.16666667,3.87,0.51524201,0.65146006,1.03710007,28.26456522,17.45925533,46.2508,4.0198,16.80776001,3.24307628,0.02420907,43.87085427,830.5111221,0.0132939,0.13559314,5213.795029,0.9641386,-30.96655998,4.62857109,0.22627857,292,2.5,0.43535076,NA,22,2.46,3.02,1.06,1,0,-0.258885353160555,-0.0661622414928799,0.703008727098019,0.0351490996595673,0.209495990932092
"J7PRV18",1.493750926,0.517520127690175,129.7368421,4196.373897,14.58333333,5.625,0.51967865,0.63313131,0.66898854,12.450625,42.26695447,45.2689,3.0159,16.15643672,1.99074738,0.02644009,42.53777064,775.2263204,0.00810199,0.11985548,6235.330141,0.92816224,-30.95670494,7.46875463,0.1498208,493,3,0.70113852,NA,9,2.59,2.88,1.11,1,0,0.0597487719685054,-0.29485296568753,0.713720300769119,0.206016147947038,0.709268592647645
"J7PRV5",0.35317117,0.430072283812792,170,654.2380426,13.06666667,8.49,0.58683459,0.73094512,0.23678477,6.41119403,60.45861949,44.9661,3.295,13.00166331,6.16758793,NA,NA,NA,NA,NA,NA,NA,-29.40624847,44.14639628,1,170,1.3,NA,NA,9,2.59,2.88,1.11,1,0,-0.104359960700589,-0.289844030251292,0.603076646177759,0.611125863916476,0.278350299331803
"J7SOA4",0.726987828,0.541192725009351,233.5,8586.972527,100,4.315,0.47227934,0.65006623,1.63493841,52.044,36.85343171,46.9464,3.3846,22.06825205,2.42574148,0.04086698,53.11340289,916.9772794,0.00668279,0.17946776,4756.624993,0.87927466,-32.57228836,3.63493914,0.21619838,467,3.5,0.58275058,NA,10,2.59,1.77,1.27,1,0,-0.0854259835109761,0.0579168758791021,0.710449750144253,1.44235694898452,0.474058100071667
"J7TIA10",0.54519297,1.19615080691331,151.2820513,1301.013799,11.83333333,6.46,0.34199345,0.27817084,1.26156547,101.5125,25.94097607,43.7538,3.9579,21.35698182,0.54318034,0.03648155,77.42554508,1272.28175,0.02382163,0.17437648,6540.531623,0.83689146,-31.6100544,2.72596485,0.30512866,295,2,NA,NA,35,3.98,2.88,1.26,1,0,-0.422665418033682,-0.449921058987794,0.935613793653867,-1.53825760563934,0.112026662231978
"J8ACP3",0.99101997,0.478576621781178,146.9565217,2151.573099,8.625,5.045,0.44162769,0.5139375,1.86684783,97.33210526,33.43409163,47.7417,2.6309,15.10301783,-4.53914778,0.01416761,52.34483001,739.2351391,0.02003764,0.10331998,9082.820518,0.71924842,-30.12511765,4.95509984,0.42495298,338,2.4,NA,42.7554,10,3.56,2,1,1,0,-2.67834983329847,0.0549548061830509,-0.151228052319331,-0.488200512764625,1.14216558080994
"J8ACSA16",0.243513436,0.0451413793372668,115.7894737,3778.67509,18.8,5.08,0.55950569,0.80194004,1.11606354,62.87625,40.55585376,46.5362,2.0951,18.44547178,-6.50472214,0.02062883,34.90130527,561.9996739,0.01148312,0.08975135,6607.066136,0.82009564,-31.56012787,1.21756719,0.02262988,440,3.5,0.63854764,54.625,35,4.76,2.88,3.37,1,0,-0.477426941259966,-1.13447781036512,0.0387280508552955,-0.131553773529386,-0.0758757822020855
"J8AMSP8",0.145969114,0.103609075852503,127.1428571,2175.135866,12,4.56,0.55829881,0.77439641,0.75608108,15.65272727,52.6774306,49.5186,2.4261,16.46846533,-4.48667051,0.01567078,55.01214573,1017.819782,0.0063782,0.18909137,5573.753931,0.94228529,-29.78016533,0.72984558,0.03147735,267,2.2,0.68508799,49.9610875,12,NA,NA,NA,1,0,-2.0355305227815,-0.63214203575668,-0.717565475804786,-1.23143027394754,0.348660780543184
"J8CAC15",1.12316418,0.0609073224625891,138.3333333,4587.859446,56,8.675,0.52178103,0.73642456,1.30693062,378.5575,51.25707455,46.5314,2.4411,10.5809721,16.19179199,0.03608153,122.7535085,1085.643539,0.0322013,0.09784763,16686.64227,0.450426,-29.86837639,5.6158209,0.40672271,664,5.2,0.57647059,65.5485,25,2.07,4,2.5,0,1,-0.17966995517626,-1.16942951243649,0.191637599839534,0.692905650474277,0.470155151961327
"J8FAG11",0.443628344,0.067343551723539,115.0537634,6540.013113,18.16666667,4.15,0.64017081,0.77210728,0.59086539,46.05529412,27.75436176,47.8566,2.3743,12.06562126,-4.83679726,0.01525784,44.830055,834.3781824,0.0070084,0.14478179,5363.196303,0.94790274,-31.98615517,2.21814172,0.16070663,535,4.6,0.59935275,68.763775,25,4.75,1.5,1.5,1,0,-0.449810286473916,-0.80767316884092,0.396749960439992,0.241525478430609,-0.311442515048897
"J8OSV16",1.29922402,0.187637093302934,108.6363636,3487.563223,9.26666667,4.19,0.5824086,0.72733082,1.39339339,29.98761905,42.66840283,46.0789,2.4224,12.10064587,-3.91040413,0.02873033,34.3148199,658.5643062,0.00605537,0.06963652,7139.221495,0.97743205,-30.36211143,6.4961201,0.95079953,478,3,NA,66.6575,12,4.58,3.25,1.07,1,0,-1.72017680841892,-0.324500877716242,-0.779177894837645,0.767775761580679,0.458826254531648
"J8POG5",4.281485618,0.864602194260242,100,1208.655603,9.06666667,8.095,0.50015067,0.43682653,1.25031111,19.35,87.53021589,51.4427,2.0017,16.41154998,-3.69160273,0.02087113,137.3615483,2414.719507,0.01314326,0.20378013,8744.632061,0.89530626,-27.4717852,21.40742809,0.64582255,485,3.4,0.67550274,50.13165,20,1.21,2.5,2,1,0,-0.241397358673611,-1.68959454159179,-1.63508158585136,1.20863460357675,0.81040562821321
"J8POT9",0.83204567,0.506973602346606,136.4864865,4512.945817,10.39285714,7.235,0.50801515,0.53429268,0.95571239,7.1044,112.74703,49.2153,1.7528,16.3078055,-4.45565788,0.03225937,81.33693219,1505.071393,0.01195659,0.18674915,6839.965504,0.942409,-27.40845619,4.16022835,0.16070855,505,3.3,NA,58.0185,25,1.21,1.77,1.77,1,0,0.0762037559888783,-2.01683461574891,-1.08729381234069,1.06283901149086,0.346513795876825
"J8PRP3",2.404964536,0.569703825942066,100.7692308,1089.814549,11.08695652,5.805,0.52778527,0.53656738,1.73130653,8.81786207,68.70067809,47.6108,1.9826,34.33008154,-6.2872863,0.02981102,42.16448497,767.9157159,0.01480759,0.12944,5175.862358,0.92754901,-26.53940071,12.02482268,0.85578273,393,2.9,0.67581837,55.3588,12,NA,NA,NA,1,0,-0.731868229282057,-1.47520253488784,-0.869739394242761,0.322695378351053,0.617584630316887
"J8PRV7",0.146997712,0.169376145337943,123.2,2426.870511,6.07692308,6.775,0.51775647,0.64041667,0.49511046,7.13513158,52.16958342,46.8473,2.9843,14.82627271,-2.49135797,0.01958949,48.47307202,899.1533593,0.00740228,0.16379626,5018.998532,0.94472049,-29.10956512,0.73498856,0.0146891,308,1.9,NA,61.568,9,2.59,2.88,1.11,1,0,-2.13281290662887,-0.413031872529063,-0.60261260525372,-1.42297498535716,0.564484711925219
"J8PRV8a",1.561206144,0.240826615197398,85.31914894,1257.962709,5.95652174,4.965,0.52197019,0.63986851,0.59561386,6.77338462,52.64951053,44.6938,2.6387,14.40680427,-2.5696161,0.03085917,39.17021898,718.295315,0.00462578,0.13787512,4882.669235,0.93393606,-27.61371292,7.80603072,0.15727692,401,2.5,0.71835765,53.567,9,2.59,2.88,1.11,1,0,-2.77991762470982,0.0281344429703355,-0.666070879866101,-1.17095967952997,1.46880736675585
"J8QUR16",2.445563298,1.88828566319202,135.4166667,1146.988829,29.66666667,7.58,0.57587315,0.76103161,1.79846955,60.52416667,90.50103953,48.5066,2.5413,13.91289113,-3.72516448,0.04376351,100.9919809,1422.195377,0.02371209,0.07476016,9938.137835,0.71720363,-28.19237556,12.22781649,0.46578235,325,2.5,NA,45.8795,25,2.75,2.88,1.12,0,1,-0.440265012148965,-1.96481548463337,-1.32898527832754,0.0872201749678892,0.591922157903204
"J8SOA5",0.808877798,0.468036095418765,118.5714286,1996.837914,29.66666667,10.08,0.44938803,0.72476191,1.37860446,80.9925,121.4464302,51.7926,2.5331,22.7124279,-3.40517132,0.05009618,39.35518087,444.7695625,0.02232038,0.15459251,4047.473982,0.57557677,-25.82250916,4.04438899,0.22889208,332,2.5,0.65352911,38.118,10,2.59,1.77,1.27,1,0,-0.408330878043944,-1.10573708462025,-1.27190256923687,-0.181447500626571,1.38364024358916
"J8SOA6",1.217618794,1.00891765455165,114.6666667,1232.12555,67,10.525,0.45564614,0.70011448,1.40825523,124.5983333,96.49674287,42.4915,2.0094,26.38676925,-4.93072693,0.02729187,34.27581665,467.5663812,0.02403185,0.14595341,3225.000247,0.69474523,-26.87278496,6.08809397,0.34935374,258,1.5,0.73590361,54.377,10,2.59,1.77,1.27,1,0,-1.17232166872284,-0.734880959454677,-1.08602616576394,-0.581693147620986,1.25733960526003
"J8TIA12",1.676138876,0.307391246204279,71.27659574,402.1370977,11.55555556,6.72,0.36456505,0.37241379,1.12244141,54.848,33.40140023,44.2884,3.0046,18.86659737,-2.93014576,0.03202367,39.42184095,721.3434268,0.01771948,0.147021,2986.7528,0.93191282,-30.38184227,8.38069438,1,335,2.6,NA,70.08892,35,3.98,2.88,1.26,1,0,-1.3004674653995,-0.531391631754491,0.0433459885982384,0.513532246189802,1.19920829388876
"J8ULA9",0.78860958,0.52022941924754,117,1368.394458,14.5,4.055,0.48972163,0.77277904,1.38448776,37.61181818,42.82986489,48.5928,3.7469,19.99077015,-4.03970329,0.04091284,287.8361367,918.5535649,0.02899209,0.22439893,17267.60124,0.16252841,-28.40703903,3.9430479,0.18635663,234,1.5,0.51847365,66.61778,35,3.14,2.92,2.46,0,1,-1.73360451776278,-0.622773924325765,-0.673799023474126,-0.0126314389214809,-0.267712276234712
"J9ACR9",0.541763606,0.109283939592146,157.3333333,4426.151093,10.9375,5.455,0.51650348,0.57246154,2.3943662,30.09433333,52.3575867,51.2353,2.3226,11.21022096,-4.7353602,0.01758839,26.55944926,514.0841445,0.00793707,0.09863055,5133.825963,0.98579192,-29.7092131,2.70881803,0.12411969,472,3.4,0.64607119,51.11783333,25,3.44,1.84,3.08,1,0,0.120125096290046,-1.4818833953261,0.406048700769519,1.01637548237612,-0.432409075968095
"J9ACSA18",0.89805765,0.164917924750905,109.0322581,2180.161848,14.8,5.295,0.53560008,0.78603839,1.53283924,27.11833333,50.02765657,50.098,2.2195,15.42495751,-4.20669447,0.0195212,44.33860125,810.0713854,0.00903651,0.12551605,5955.83138,0.93048936,-28.97531898,4.49028825,0.07989135,338,2.3,0.62975334,45.374,35,4.76,2.88,3.37,1,0,-0.554798973015868,-1.45123911909881,-0.411252927883671,0.836432981105672,-0.43434191884415
"J9AMSP10",0.200714706,0.121185632142107,137.9166667,3975.096801,9.41176471,4.835,0.60286658,0.84514631,0.37477299,11.738,78.54830465,49.5391,2.2894,21.80056847,-3.83414637,0.01428307,34.73584095,659.2453341,0.00160057,0.13689987,3738.919991,0.96658346,-28.65737923,1.00357353,0.04673808,331,2.5,NA,NA,12,NA,NA,NA,1,0,-2.6396878861984,-1.09363308960934,-1.1913104517803,-0.952299317846048,0.0227696192446019
"J9BEPA13",0.490158872,0.0664952854639009,159.7297297,5608.844101,21.77777778,4.8,0.53749965,0.57468635,0.8321714,13.53244444,61.05491329,49.0059,2.5393,16.77848551,-4.94835289,0.02809252,57.40408467,1079.963672,0.00683297,0.14793763,5609.319744,0.95815652,-28.89219841,2.45079436,0.08559089,591,4.5,0.55596601,58.915675,25,1.54,2.02,1.25,1,0,-0.111659913334211,-1.29320825255059,0.516260099205609,1.1252769847711,-1.01906098548608
"J9FAG13",0.820475418,0.409148760471463,193.6842105,4413.843152,33.33333333,4.56,0.59454489,0.72622222,1.61581292,59.16230769,47.24941816,50.68777912,2.5719,12.47396027,-4.58247986,0.02456549,29.70937159,567.7908232,0.00630281,0.08968823,9924.109107,0.97334099,-29.59995872,4.1023771,0.276038,368,2.4,0.64811133,65.8951,25,4.75,1.5,1.5,1,0,-0.10670496255928,-1.57012659316268,0.400242371158753,1.45713351473041,-0.291826998883118
"J9FRA16",0.14816709,0.143845316580885,217.7142857,9645.28069,38.5,6.15,0.45384384,0.75636364,1.1465326,198.159,30.94484732,45.9654,2.6755,18.95454983,-4.12155104,0.04368679,579.4686866,1181.572378,0.13328665,0.18094116,31288.14042,0.10384856,-31.5878421,0.74083546,0.04390492,381,2.3,0.51669675,60.80033333,30,2.46,2.38,2.59,0,1,0.0410313542791209,-1.37373376389405,0.807689461759764,0.930121759826693,-1.01156813217828
"J9PRP5",0.597134218,0.142094313923407,96.33333333,994.050196,27.5,4.91,0.48074402,0.57335013,1.23002634,11.41414286,38.69885731,49.4819,3.4409,22.49585465,-4.51161469,0.02314351,55.37436209,1052.315633,0.00587856,0.11288931,5487.235564,0.96784853,-28.39112366,2.98567109,0.19354565,289,2.6,0.75991501,56.9946,12,NA,NA,NA,1,0,-0.819302445761717,-1.99358277170294,-0.7799818800434,0.570879843850854,-0.67207788843182
"J9PRP6",2.020267208,0.369512296754189,113.6,3940.672723,19.22222222,5.9,0.45628188,0.58290271,1.01265823,10.62724138,59.5898634,49.5655,3.1537,24.97578579,-5.29599035,0.02116635,30.67862373,570.9240481,0.00809211,0.09870045,4701.045194,0.94779099,-26.91909874,10.10133604,0.62149782,568,3.9,0.52955368,52.10125,12,NA,NA,NA,1,0,-0.792684278636172,-2.00938273514705,-0.782833821174376,0.0681768486993394,-0.294870384785599
"J9PRV10",0.251031082,0.1931208881848,152,1955.545221,6.95454546,4.975,0.53053189,0.71557312,0.37092333,9.50548387,46.4248142,43.5688,2.8632,14.78280276,-5.58977953,0.02499874,34.61868936,653.9982345,0.00404861,0.10759389,4678.094025,0.96213511,-29.30393494,1.25515541,0.02570384,228,1.7,0.51022395,56.28175,9,2.59,2.88,1.11,1,0,-0.388132249534806,-1.55319097436212,-0.28271408656374,0.560846363560107,-1.38488597707978
"J9PRV8b",0.311996436,0.498669501744209,155.625,2292.457711,7.875,5.895,0.54411729,0.69879779,0.60327333,8.70166667,71.05918406,49.0766,3.3377,19.40119266,-5.91351194,0.03086108,22.89202775,405.6160418,0.00365451,0.07972133,4880.961265,0.90240391,-27.51932449,1.55998218,0.03276432,249,1.7,NA,59.24633333,9,2.59,2.88,1.11,1,0,-1.85403609845194,-1.59956152958519,-0.909980124989239,-0.471268803299723,-0.640972346838658
"J9PRV9",0.588170036,0.296655489399421,125,1941.782298,10.7,4.875,0.55158934,0.71989744,0.54095283,9.76,45.40983607,47.8518,2.7216,18.00952725,-5.40096916,0.01840548,56.87120191,995.4831605,0.00393756,0.1447229,6177.375344,0.89148003,-30.37834404,2.94085018,0.06261492,275,2,NA,52.45166667,9,2.59,2.88,1.11,1,0,-1.53835161139862,-1.64108399032428,-0.85465410373583,-0.101705403270862,-0.383923426461037
"J9SOA8",0.30790942,0.0924932737045168,111.4285714,2465.503301,42,8.685,0.38176002,0.64789224,1.90386907,133.1893333,88.09013735,51.7693,2.6102,26.53096253,-4.25631691,0.03369815,24.4274273,348.5811098,0.06060137,0.13466913,2791.596375,0.72676872,-27.57076729,1.5395471,0.07401841,390,3.2,NA,53.7074,10,2.59,1.77,1.27,1,0,-0.782178157363848,-1.79392697671568,-0.595243529572804,0.644776608385399,-0.289382334495283
"J9SOA9",1.230980656,0.21935292591222,101.3953488,1629.089001,10.4,10.365,0.44517016,0.58740097,0.54615454,65.61714286,65.32482801,51.8091,2.9684,24.91140915,-4.7169096,0.04679614,32.84618836,449.432128,0.01484025,0.17595502,3265.721909,0.69686595,-28.43337364,6.15490328,0.34506716,436,2.9,NA,81.9016,10,2.59,1.77,1.27,1,0,-0.649745683561411,-1.99453223909523,-0.782187869510905,0.0581497962058933,-0.206595129648118
