Soil.Fertility,Light,Temperature,pH,Slope,Estem,Branching.Distance,Stem.Wood.Density,Leaf.Area,LMA,LCC,LNC,LPC,d15N,t.b2,Ks,Ktwig,Huber.Value,X.Lum,VD,X.Sapwood,d13C,Tree.Age,BAI_GR,julian.date.2011
0.19921866037149005,-0.9990276854896896,-0.1619368357717011,-1.0081602027796344,0.2171387845891035,6820.342444,9.105263158,0.783042394,14.09166667,27.98006252,44.3507,2.6215,10.65216287,-3.076067982,0.021792345,95.15954814,1830.048261,0.006160744,0.133172587,8658.453652,0.979445515,-32.55139908,30,0.24906581800000005,191
0.15015179128793177,-1.2147823780685936,1.5239706783828546,0.4919688742782769,0.13541776263389887,595.1691173,8.6,0.664526803,14.4791453,47.96170147,45.42804262,2.8632,16.47467355,-2.955379629,0.025087238,148.0309983,2808.094636,0.014480761,0.206149778,9343.967919,0.966115794,-29.22596962,25,1.6012616080000002,190
-1.9655871859671412,2.145071931370163,-0.04895564123481949,1.0160915903310883,-0.27856765416739176,5115.83267,12.375,0.525641026,110.2985714,31.49244259,47.1443,2.553,12.64964795,-3.149855156,0.015921621,41.73657478,456.4228012,0.022339946,0.101027259,7827.635766,0.55695568,-29.22108711,16,0.3445078800000001,173
1.1678276084956076,0.881710398328835,-0.13739802573844778,-1.1501122332394262,-2.2809275622229728,8257.138235,57,0.667356322,78.743,37.99702831,48.2009,3.0535,14.88130816,-4.991090221,0.027384213,39.66515963,494.2778287,0.010240062,0.098833366,6765.922275,0.634646711,-31.48656784,32,1.20506104,187
-0.7872495692168733,-2.0292208221663284,-1.6049987789866913,-1.4628697654877594,-0.672547699243298,994.050196,27.5,0.573350126,11.41414286,38.69885731,49.4819,3.4409,22.49585465,-4.511614685,0.023143513,55.37436209,1052.315633,0.005878564,0.112889314,5487.235564,0.967848533,-28.39112366,31,0.5971342180000001,198
-0.08085522404123914,-1.640112879007951,-0.13880552491806236,-1.4011165271817791,-0.2938376691159431,4413.843152,33.33333333,0.726222222,59.16230769,47.24941816,50.68777912,2.5719,12.47396027,-4.582479858,0.02456549,29.70937159,567.7908232,0.006302814,0.089688234,9924.109107,0.97334099,-29.59995872,30,0.820475418,198
1.1908591181517552,0.8801158931290362,-0.17913752056686652,-1.2748635866135407,0.7020357561634323,6609.212514,100,0.770939639,55.36714286,37.38679464,49.8897,2.9551,14.01008597,-2.480853958,0.019621149,71.09033709,1281.456724,0.003692139,0.137989011,8524.020791,0.918043967,-31.3911203,21,3.219262996,187
1.1415672912307138,-0.29271273311062973,-0.6745160926291297,1.2144490491839772,0.05519231102267595,906.533297,20,0.592879177,30.05777778,112.0434718,49.2682,1.975,9.312823715,-1.477223692,0.022415287,52.62963762,983.0890366,0.006433082,0.149143528,4933.948588,0.951333047,-29.69578537,14,0.491032362,199
0.14542989409661036,-1.5498305566546566,-0.19467785663677467,-1.6790806315903937,-0.43238037973897553,4426.151093,10.9375,0.572461538,30.09433333,52.3575867,51.2353,2.3226,11.21022096,-4.735360203,0.017588392,26.55944926,514.0841445,0.007937066,0.098630546,5133.825963,0.98579192,-29.7092131,37,0.5417636060000003,198
0.7341366248567822,-0.02503268805019639,1.4079395801431864,0.9241026718743092,-2.2945191638538525,4010.304438,13.55,0.705585106,45.77714286,51.9207964,44.745,2.2664,10.9232699,-0.422219906,0.053401346,122.1285983,471.2393493,0.046323343,0.063018283,31800.69843,0.196514357,-30.48014534,13,0.27759368,194
0.7938795625906041,0.14217130480144763,0.06962967582039971,0.6758664938596173,-0.21143819432485655,4744.596771,15.8,0.815802469,65.719,52.75491106,47.4571,2.1343,10.95241808,-4.302149353,0.022099958,55.12758753,740.3998033,0.014789978,0.091005503,9150.461016,0.684017822,-30.24867424,31,1.188856824,173
1.1219335643771298,0.680265306266809,0.05099251046274647,-0.809601039125511,-0.0551499023565171,3138.356096,6.529411765,0.757360406,31.72741935,23.84220426,50.1072,3.0015,11.08918908,-3.238114252,0.023664031,36.17351695,685.9585233,0.012594954,0.106746998,5510.432816,0.96577783,-32.29928444,22,0.400258578,178
0.859667355979392,-0.5095491024384606,-1.2965922426644083,0.28644401434227007,-0.3630354631039607,1948.878177,9,0.518757726,19.8364,91.89167389,49.3372,1.8882,8.264743721,-6.422099609,0.031315061,72.90520245,1345.355799,0.006857787,0.18522697,6789.872656,0.93982879,-30.34401001,15,1.571485326,218
0.33511247584020304,-1.262608530537578,1.5946000414980814,0.1929395923190617,0.45464438796154594,6540.187445,8.357142857,0.641814059,15.33710526,49.24417906,49.55314892,2.5625,16.78842288,-3.216383123,0.025603627,71.29450175,1326.322214,0.008033904,0.133211509,8351.240621,0.947464868,-30.58699638,13,0.6012083519999999,190
-0.7243663532278712,0.857444162996809,-0.7093653409639684,0.9973180879258594,-1.3604627138878642,5102.913776,100,0.499583085,42.44,74.55230914,49.4409,2.8572,19.48451254,-0.660453093,0.029768809,47.55622556,918.3922244,0.002557551,0.151093007,2666.908382,0.983537515,-28.4660923,13,2.599095404,210
0.6998671681121397,-0.24443218928529584,-0.16899376047570894,-1.2788743647273084,0.604869066895721,3158.502019,8.571428571,0.694197349,51.47615385,30.663937,49.4946,2.5181,8.167120657,-1.320993619,0.016384515,26.86529665,498.3666087,0.005659076,0.087614588,5877.511039,0.944772853,-31.65257568,50,1.269671726,214
1.232180671456125,1.237212266989362,-0.08937331204112399,-1.599771275582516,0.7573746737003835,3564.098335,23.66666667,0.703116279,115.6475,52.82215353,46.082,3.0493,12.48999647,-4.132965488,0.02087292,260.3295114,2197.665591,0.027955591,0.100972972,36123.14695,0.429940458,-30.52065979,19,2.141859018,187
-0.9039921679372842,-0.6113082482715113,-0.09505220843248056,-0.7551376127011751,-0.04047309299211576,1013.258935,13.125,0.509863014,20.89974359,28.29135433,44.127,3.3505,15.62126025,-1.620515585,0.030762015,33.17087847,371.9354577,0.01066141,0.104301314,4886.764823,0.571058657,-31.79162514,27,0.819992478,191
1.206931575149257,-0.3281828626451741,-0.48812382140707095,1.8174204970406849,0.33254322673406045,1731.008973,19.25,0.520962963,13.87757576,92.56266923,46.3526,2.1924,12.60556905,-5.561839581,0.020901199,184.2165332,3074.943533,0.005892456,0.205338579,11167.81328,0.8501169,-29.46727669,20,0.8193420119999999,199
0.3984486783143555,-0.01904706878072803,0.2435912763516637,0.3986747569275378,0.7761807470915814,452.2550522,18.91666667,0.59913615,9.668888889,52.1719145,51.6132,3.283,18.44948487,-3.885506325,0.016640429,19.87424561,344.3943658,0.002580828,0.057890232,5575.772459,0.882542229,-31.71050949,31,0.051506922,194
-0.2728959976220812,-0.4082952290719076,0.5193560340114719,0.9534460723602144,0.40610848072479744,3050.225946,24,0.767136564,52.206875,34.41835965,47.2233,2.6086,11.98374332,1.459661186,0.01684143,60.74354924,1137.057049,0.004184583,0.136020217,6850.221746,0.953349627,-30.73808968,31,1.207919914,176
0.5183445490069792,-1.4662658393149803,1.428588016700997,0.3256272629729884,-0.20952861037533624,4962.812215,40,0.591191958,26.2825,46.9775516,48.7942,2.3536,13.85811754,-1.358811216,0.023944652,15.50386653,301.8042009,0.006373468,0.073997719,9665.437573,0.991414736,-31.11229691,14,0.8109298620000001,190
0.01102310430884303,0.29943600875051063,1.5306236751775475,1.3362803890702617,1.6502499027952318,2181.674261,19.75,0.464137308,29.56222222,77.26327395,50.4218,2.1846,12.08234448,2.329220219,0.021476511,55.65740984,1027.78596,0.010124207,0.121760577,6828.094684,0.940480509,-31.4622509,14,0.21338140800000005,212
0.46531893221916526,0.9814533437453684,0.5240521609564367,-0.33501183225388403,-0.9014850933478252,6326.773862,27.4,0.524326923,21.42960784,40.28694037,47.5264,2.8749,11.28733704,-1.477443562,0.02149639,58.68018408,1110.309024,0.010304605,0.085508677,9269.166355,0.96365707,-31.33714302,15,0.527608974,192
-0.43439256070571,-1.1222931367337072,-0.4424550556637763,-1.5175148138103154,-0.07346247327230364,3778.67509,18.8,0.801940035,62.87625,40.55585376,46.5362,2.0951,18.44547178,-6.504722137,0.020628825,34.90130527,561.9996739,0.011483115,0.089751354,6607.066136,0.820095642,-31.56012787,53,0.24351343600000028,207
0.8188782633023348,0.15804224617367077,0.6608822916027494,1.2053789448871362,-5.627607807418056,9141.636076,12.58333333,0.802112379,12.2944,54.30114524,49.1157,2.6857,17.29027035,-2.549995289,0.020135374,48.87553934,931.1579034,0.004358559,0.147447247,5961.696008,0.970290727,-30.26641281,15,0.4496426479999999,218
-0.1471209162172313,1.2294984163855482,0.4013308005659607,0.00793483300058361,-1.5354091345086711,4965.774264,22,0.610743802,49.06333333,31.489911,47.3947,2.6432,30.277594,-4.204530716,0.020343226,59.30023872,910.3221064,0.013928277,0.108126817,7089.251347,0.781823567,-30.27141869,22,0.479061408,192
-1.6397234360355832,1.2665004468095014,-1.1814837745301217,-1.0325057897892225,-0.4395490335118426,15432.06759,30,0.68173913,106.242,24.75480507,48.8111,3.0857,11.92744699,-2.285015879,0.030124979,518.068952,90.72661054,0.472520937,0.277465724,27605.34615,0.008919022,-32.89266953,20,0.271635492,201
1.1554993629670718,1.067957339262778,-0.23735650995653487,-1.470842968801071,0.3717438323146747,3254.23961,39.25,0.435485149,112.8966667,31.45944669,42.9891,2.85,15.69468569,-4.529762287,0.012186471,52.08027305,765.4317578,0.008670939,0.097474559,9298.717148,0.748519872,-30.74140404,17,1.432809358,187
-0.2170048858477103,-0.8870963978513118,-0.31137954045138927,-0.7093486323848973,-0.2637939539016513,5450.891706,28.66666667,0.759313984,222.9928571,32.72366187,47.06833925,3.2607,17.82995024,-1.608247662,0.03801739,141.3763608,228.4056765,0.308037513,0.151882404,16332.32962,0.082281122,-30.17911751,42,0.5077875079999998,191
0.6728775531161056,-0.02506124149029578,0.8131005960770646,0.6823508906628699,1.0749441495629368,5427.358448,20.75,0.805111663,292.075,42.82290508,45.5871,2.8022,10.54999743,-2.057001371,0.042274181,465.1831254,452.380197,0.45552185,0.204906102,33384.61331,0.04952788,-29.4551358,23,3.07295875,194
-0.2761922171802334,-0.03789617727769497,0.7179244471932775,0.01383390300160505,0.4097360691596066,3100.789594,14.75,0.750520538,13.88488372,41.42031656,46.7619,2.756,17.22032273,-3.366032944,0.040803503,27.60553887,523.9856517,0.005318148,0.107301516,3764.203517,0.966703466,-29.92379959,18,0.22064512599999997,184
0.4564091203058736,-1.5532036180695536,1.0552445647884363,0.885389312460481,0.5786023732985381,2415.764735,34.66666667,0.575501584,18.02212121,91.97450944,44.3039,2.4126,13.35560988,-2.565268593,0.034433242,30.55874422,587.167744,0.004987544,0.108851534,5521.064277,0.978581038,-28.29275307,12,0.436597538,190
1.262807038320815,0.6354190871674957,0.2618434069315199,-0.2803142506793413,-0.06247906995847651,5741.389056,20.25,0.587288817,33.53888889,44.4922975,51.4865,1.9831,15.46549888,-4.551208897,0.021270743,44.87889645,733.601399,0.010792572,0.088514898,8883.122661,0.832507379,-30.76180779,16,0.337250568,178
-0.5280751924323098,-1.0675817188078092,-0.33078216800417815,-0.9999987372645012,-0.2877527825472822,5661.673519,12.8,0.53633885,104.7991667,43.82986506,47.9168,2.3491,17.5602204,-5.189959545,0.02229696,22.51200735,349.9307128,0.012452194,0.068980974,5542.25915,0.791658628,-28.27797188,31,2.0114004879999996,207
-1.4813204445646668,1.2526617327102472,-0.5329976266589382,0.00918675163327425,0.03884282827740776,1328.629257,5.416666667,0.527552674,51.9695,21.05080865,47.999,2.3429,16.977786300000002,-0.510643406,0.023275164,36.84737833,565.8915918,0.014584498,0.081300479,6318.334843,0.782162081,-29.96210991,18,0.535582328,186
-0.1437169278696306,-0.18807132192741088,0.18667270459469268,-1.080610684750149,0.469363135643819,8586.972527,100,0.650066225,52.044,36.85343171,46.9464,3.3846,22.06825205,2.425741477,0.040866983,53.11340289,916.9772794,0.006682787,0.179467764,4756.624993,0.879274661,-32.57228836,16,0.7269878280000001,176
-0.9165372441077372,-0.08230907230411771,1.0609486886929247,-0.4204884750528361,-0.2514979300810463,3222.467574,10.91666667,0.712096333,25.1992,32.95342709,42.38873881,3.8208,17.31458072,0.889972395,0.025211648,483.4050606,1175.157722,0.058223485,0.234438619,15815.5355,0.123809815,-31.73543198,13,0.506242254,191
-1.245887985921034,0.8056235182374016,-1.4445008872178833,-1.2038305990198064,-0.37040327040108406,5585.364453,15.28571429,0.711910472,61.291,35.92697133,48.86651541,3.2564,11.56210048,-1.474483395,0.03625565,27.11491109,465.6328105,0.013038624,0.076618603,4796.778911,0.874591999,-31.44696838,28,0.648940012,201
-0.4745039478329662,-0.27770039400463586,1.2412139255136223,2.3275306833808393,1.4381343469113277,9483.340538,14,0.467960817,13.97976744,80.84773676,50.4391,3.3187,19.02353801,2.833584871,0.02475873,70.81395778,1250.369564,0.006294894,0.162468892,6995.427916,0.899269028,-28.72410286,9,2.50867652,212
-0.9312580953321116,-0.5481872530883184,1.2567629255138804,-0.6024351390228659,-0.08749887434148672,7275.072863,10,0.657004831,10.00337662,35.26082102,45.3609,2.7585,15.12448404,-1.369446859,0.023557979,26.44668732,475.8483608,0.008034299,0.107708324,4623.260142,0.916362708,-31.02600868,15,0.190325262,191
1.2716205921562618,1.186832561563695,-0.125865273258459,-1.4883874910691308,0.9187018357529758,913.4700965,17.83333333,0.572928445,29.5616,32.62340333,46.7112,3.6254,15.46382048,-4.864157848,0.025543134,46.58987759,862.5722751,0.005855307,0.178902545,4105.924287,0.942918237,-33.10300369,33,0.181908648,187
0.08258001954781237,-1.28516070918388,1.1218850998743204,-0.1707747704721583,-0.11172426693737886,6515.643783,41.5,0.529411765,23.10789474,52.11251566,48.0097,3.0891,14.16067098,-0.752803044,0.031962697,50.06644908,978.9630724,0.004608051,0.146957987,2458.327218,0.995840144,-30.06918701,21,1.223103898,190
-0.97531462764715,-1.9269023312925635,-1.0398988628508392,-0.16436695125513856,0.10380454059022298,634.2632995,13.4,0.534705882,6.435890411,50.6151292,48.73,2.7179,24.52925275,-6.819508209,0.019410706,94.44774076,1798.053868,0.004874466,0.172629174,4256.269149,0.969574611,-27.89855812,22,0.5437109240000001,198
-0.2048786374091656,-1.583396696345729,0.1406887715609648,-1.3284941840633275,-0.8103473259114253,2032.617376,10.5,0.564906133,80.01375,41.21166674,49.28611932,2.5786,17.25776905,-6.213365936,0.02356057,52.86112052,650.1743401,0.019120314,0.10393364,8643.577781,0.626417051,-29.90362961,16,0.9174711,198
1.1420815742326065,0.6402652105895841,0.08746896456303038,-0.45979404015588293,-0.1748956231654654,5623.83897,14.29411765,0.745247148,19.61509434,38.71681416,49.3025,2.6285,12.81242968,-4.189921398,0.017419325,53.13258252,982.918599,0.009487807,0.168579068,5305.704796,0.942164503,-31.50534103,23,0.13910650200000002,178
1.1603857618816786,0.7453764779252241,0.02157668795150554,-0.7268685934400086,0.9219502649460958,12461.98001,10.15384615,0.761819,24.87837838,26.39869636,47.6196,3.1379,11.56231006,-2.078534966,0.030181284,118.8880745,2252.261743,0.007534742,0.12916877,11162.46412,0.964829729,-32.15927971,25,1.06425445,178
0.2191720861783672,-1.179381224837508,1.38862394837795,-0.5756699876300366,-0.7069125113610616,6311.339074,12.16666667,0.884084507,19.60943396,40.63311845,48.801,2.4395,13.04847975,-3.830754623,0.006342093,94.90216515,1779.576213,0.008168922,0.182940362,9138.544043,0.955015854,-30.67580421,30,0.8896294539999999,190
-0.09308352099749188,-0.6376162641970057,0.5950917222814904,0.7959382041851918,-0.10415696048671332,4011.288972,18.25,0.682420122,35.84,56.78013393,47.0262,2.8449,16.87502403,4.533910885,0.042016741,25.40753209,462.109195,0.007165471,0.131674467,3595.560493,0.926301223,-30.8324128,14,3.0753416879999995,176
0.42160046606999946,0.7044907091739967,-0.3502256851284092,-0.31197748258611485,-0.10307581076485844,7170.751283,10.5,0.745125628,31.1375,29.78723404,47.5295,2.4064,11.78386664,-3.639003811,0.01677614,69.39864968,1287.108347,0.002966683,0.172719891,6693.23545,0.944570105,-31.48620781,42,0.15607302800000014,171
-2.1053150044881175,-0.3951419222527324,-0.8997551643799591,-0.5115655080028455,0.567498647531959,2426.870511,6.076923077,0.640416667,7.135131579,52.16958342,46.8473,2.9843,14.82627271,-2.491357965,0.019589486,48.47307202,899.1533593,0.007402275,0.163796256,5018.998532,0.944720494,-29.10956512,15,0.14699771199999995,207
1.0772581721752228,-0.39277778199175,-1.2402469070556053,-0.0141441940853574,-0.8499982486348656,2590.984134,36,0.549487751,26.03875,103.8596323,48.9374,1.6944,10.97340155,-7.189826508,0.023454413,34.33496257,631.2750061,0.005605364,0.116326819,4222.471649,0.936379994,-29.54895844,22,0.534925316,218
-1.6968961023247673,-0.5531726752536128,-0.762616509317132,-0.02687058283466969,-0.26811221894389975,1368.394458,14.5,0.772779043,37.61181818,42.82986489,48.5928,3.7469,19.99077015,-4.039703293,0.040912837,287.8361367,918.5535649,0.028992089,0.22439893,17267.60124,0.162528407,-28.40703903,21,0.78860958,207
-2.528036003940899,1.6110243272107947,-1.0036415224858617,0.6856877885949192,-0.02387610522224062,722.8055419,13.28571429,0.40144005,55.43,25.37735282,45.34640112,3.9354,20.19515274,-1.240915918,0.02690251,72.04761818,1156.327146,0.008758971,0.216759965,4656.409209,0.817393544,-31.7821067,21,1.7038379059999995,201
1.02686547490117,-0.23146370309328845,-0.04045934194119835,1.1877720595354726,-4.9465224929581995,2430.709871,6.181818182,0.44675,15.18543478,66.74015432,48.9116,2.4942,13.0736773,-3.273488598,0.027726397,67.59485205,1177.247692,0.008402606,0.175678556,4901.783698,0.887001462,-31.08718285,10,0.6197682140000002,197
-1.019639160088568,1.35060732735768,0.5009092082495894,-0.22154634123058492,-0.15322762247031843,15853.69541,16.8,0.609008043,62.09076923,43.91007375,49.6112,3.2209,15.87642718,1.873812156,0.04016154,443.5874191,3774.238038,0.050708024,0.177622304,27460.06187,0.433331417,-31.30403648,15,1.773511402,173
-2.755364478880599,0.09464988023864052,-0.4722546846105778,0.7951497980380761,1.471510548055725,1257.962709,5.956521739,0.639868505,6.773384615,52.64951053,44.6938,2.6387,14.40680427,-2.569616098,0.030859168,39.17021898,718.295315,0.004625779,0.137875117,4882.669235,0.93393606,-27.61371292,23,1.5612061439999998,207
-2.6253965287010725,-1.1213285621173683,-1.6167289040992046,0.08374414047391067,0.02307121388344494,3975.096801,9.411764706,0.845146307,11.738,78.54830465,49.5391,2.2894,21.80056847,-3.834146366,0.014283065,34.73584095,659.2453341,0.001600574,0.136899868,3738.919991,0.966583455,-28.65737923,26,0.20071470600000013,198
-0.6905441568266589,-1.3745379831074844,1.6897347932647238,-1.3583358886825656,0.0264625464460079,1470.582838,7.689655172,0.59552061,24.3144,26.81538512,47.74446056,3.1972,20.93278104,-1.931371593,0.020400904,58.39960237,1121.785322,0.006487048,0.09662428,7729.291259,0.978295314,-32.36405785,15,1.526089814,193
-0.32165614054106156,1.8864095414612332,0.2844543358037095,-0.4629399001347893,0.03095753629510647,7501.765187,30,0.70390417,174.8228571,31.09269791,46.8604,3.0221,10.73779742,0.928437856,0.025829533,401.5823734,916.006002,0.15035372,0.153504759,27495.93,0.116169946,-30.82295761,22,0.32334481200000004,192
-0.40705719300276066,0.972507009779337,-0.6075786712066205,-0.2552600857053859,-0.5579565087991758,1308.35113,9.153846154,0.75571754,16.96275,48.66545814,47.6159,2.8835,24.40064529,-2.140500317,0.021585226,34.65358544,667.2351668,0.006020633,0.115274668,5229.843498,0.980620261,-28.27298058,25,0.121533728,210
-1.433272384850823,2.0707754763203674,0.24438687935985792,-0.14495162752838278,0.4907993011834377,7410.661838,13.2,0.742162162,48.657,29.28663913,45.8051,2.3655,8.688874274,-1.581229229,0.022555163,42.33630965,782.885889,0.006677267,0.122124329,5375.534918,0.941793256,-31.60340752,26,0.192843092,173
1.1001994632489749,-0.14082778369655474,0.558851222126017,1.735995184862337,-3.8403758733165825,4900.133576,13.66666667,0.510074074,13.0575,80.30718829,48.3916,2.0304,10.39469356,-5.625043468,0.020946026,124.1853623,2407.848976,0.00495564,0.188178435,3908.344741,0.987481448,-28.54852089,18,2.0477110240000003,197
-0.8608300306802428,1.0987430332378314,-0.24522830732090148,0.8712901685536296,-1.5556127834317233,2473.604122,10.8,0.538242424,22.54878049,41.64413196,46.1178,2.0523,9.821330489,-1.477852507,0.019677979,28.26475721,486.7587041,0.010117802,0.090693686,5932.15068,0.877078725,-30.27869164,13,0.8853725959999998,210
-1.0284142158498095,-0.0572032797812177,1.2804282896563404,0.33634991562229677,0.13876627296929628,6316.801088,57,0.718778626,136.6355556,50.12523176,45.93960375,2.8391,10.39285974,-0.750966334,0.035013241,260.1050358,400.3460196,0.131514283,0.139587309,29131.8498,0.078389314,-30.60407478,15,0.25822898,191
-1.740383662597017,1.0493934604846524,-1.5663554269479505,0.45934856367043536,0.4997772770930863,6201.898783,60,0.796039604,424.4933333,52.54892107,46.4254,1.9776,15.01163424,-1.69770504,0.038835198,200.3002396,1192.705551,0.038037973,0.0720003,39853.64909,0.303264714,-29.73559654,23,1.629069454,210
-1.6211258290104829,1.1317071506877472,-1.3408417389723628,-1.0680583849839438,-0.2793615811456993,4978.127227,10.28,0.712712934,11.2671831,31.22617098,46.246,3.0374,12.5725813,-1.907054949,0.030264719,29.48211646,564.2210024,0.008836523,0.108489795,4680.952465,0.974676961,-30.63553963,26,0.09761905599999993,201
-0.1620197628071164,0.8591000346940207,-1.1941115862201008,-0.1667041917938033,-0.6435652382657112,3134.973836,11.5,0.435440313,54.1675,40.93783173,45.9062,3.2596,24.90729042,-1.666928368,0.023802288,79.52013007,1459.856039,0.017219343,0.160586367,5802.927363,0.934981589,-30.70866188,19,0.7459923799999999,171
0.06230504074992567,-1.4751212543732573,0.1872750298970047,-1.9778102947983311,-1.009979324407414,9645.28069,38.5,0.756363636,198.159,30.94484732,45.9654,2.6755,18.95454983,-4.121551037,0.043686789,579.4686866,1181.572378,0.133286645,0.180941162,31288.14042,0.103848557,-31.5878421,23,0.14816708999999992,198
-0.45012550284559033,-0.8328940384352717,3.189985610125607,-0.43437699619046893,-1.5704750058213237,1046.837642,8.230769231,0.668237436,12.26818182,27.5657651,42.6118,3.4077,21.85941196,-0.27734381,0.026179025,405.4140715,492.0777931,0.068938547,0.27586002,14542.43024,0.061816592,-32.40258896,18,1.183278674,193
0.903258693416596,-0.01363057930580748,0.094127446006138,0.8861195228048495,-2.6805710480846883,5182.873944,34,0.796576695,77.12272727,50.80450286,46.7179,2.3286,12.04504529,-3.17136322,0.043915468,176.8739642,412.5625771,0.083224737,0.092743529,29172.97652,0.118794417,-30.40546425,15,0.45407747600000015,173
0.9581061373494651,0.12680875612145606,0.08978509587991762,1.0088332006701206,0.5375556433830246,3836.254423,12.55555556,0.600302775,30.97844444,82.13596551,49.68676197,2.2202,9.915348176,-3.370062733,0.015050701,31.36802279,529.046519,0.017124592,0.069572215,7714.142427,0.858967686,-29.97238953,19,4.474906129999999,199
-0.23559319405181303,-0.369306831867037,0.41019184549660265,0.02004567024717874,-1.2863205549073715,5389.918,17.6,0.755012992,33.334,30.71938561,44.4261,2.7702,18.32901098,1.214888468,0.028008701,65.36380786,1261.145955,0.00391841,0.137734472,2497.365514,0.982648321,-31.50937279,32,0.5592878840000001,176
1.1778047476182727,1.131435357318125,-0.23673643178537712,-1.526828184820345,0.5109825128720548,3048.106678,16.4,0.681353383,34.51033333,31.53644802,49.8841,3.126,10.00743357,-5.420945663,0.022646765,100.3188876,1898.26541,0.014326307,0.145477239,8205.962577,0.963705497,-31.50998352,13,1.202547004,187
1.033034520174856,-0.18436504195044656,-1.6560156697989987,1.2253433773391305,0.12841648601696068,1119.032843,16.8,0.564531722,21.71566667,122.4461602,49.4128,1.4219,6.372036899,-8.832324524,0.020832449,57.7428625,1033.508621,0.009474086,0.144017615,5927.594265,0.911561353,-29.82544579,13,1.178344896,210
1.277420303012692,0.8180654624574967,-0.1363710537602681,-0.8697528680758457,0.4483846511122355,6257.063343,16.71428571,0.50643299,18.81142857,47.88122722,46.6784,3.1548,13.22395934,-4.518818741,0.021867199,54.26841193,738.0984155,0.007427372,0.113474356,8236.246429,0.692687372,-30.53173149,10,0.6647678779999999,187
0.30313600478614505,0.517133812284529,-0.3985429273398939,1.0713570740925769,0.24392700648525564,4934.52614,23.75,0.62609375,21.52076923,66.63807175,49.0191,3.0162,36.143593,-0.251872439,0.019348219,45.11334451,824.2804116,0.007624068,0.116268828,6142.790654,0.930550752,-28.75239433,16,3.048639014,204
-0.09105878237907006,-1.3743045368889546,-0.01295472628534382,-1.462023739164579,-1.0208904875927698,5608.844101,21.77777778,0.574686347,13.53244444,61.05491329,49.0059,2.5393,16.77848551,-4.94835289,0.028092517,57.40408467,1079.963672,0.006832972,0.147937627,5609.319744,0.958156523,-28.89219841,37,0.490158872,198
0.894773088633353,-0.8808865563598698,-1.585467926419424,1.2622748871626168,-0.00596125003658006,977.1017841,13.5,0.48357021,21.24413043,98.90199851,47.7055,2.082,11.7234817,-3.723656044,0.019115964,104.631225,1726.649893,0.011730644,0.167539293,6227.885839,0.840452331,-28.74671753,14,3.83328288,197
-0.8856446359866602,-0.6256327086019255,0.48711204286982696,0.3272860515039549,-0.1737388853557059,971.4988838,7.35,0.738807018,10.96811321,37.60472037,46.3181,2.3787,12.50170844,-2.330104456,0.030781939,36.98239533,642.8525226,0.008195105,0.137526201,4897.287327,0.885291767,-30.67390831,17,0.36765760399999986,176
0.26711299554020373,0.3945259947792916,1.3816226515572274,0.19146167678752837,-1.6606643964629746,3772.083428,8.5,0.721662338,18.06606061,33.4127277,42.7684,2.3746,20.32632386,-1.142333755,0.046466125,257.0043269,972.8360071,0.024899557,0.145727619,9628.050576,0.192783256,-30.71479118,27,0.22634213000000009,194
1.175186218973123,-0.2553543621965587,-0.3268412703630805,1.5028220143900834,0.18040534481524365,2462.60707,29,0.535862456,32.3448,95.39709629,46.6612,2.0945,12.88935929,-3.63655405,0.015461345,112.8107378,1933.742588,0.009704736,0.1429185,8042.349382,0.873008219,-28.6098362,21,1.0184450420000002,199
0.29129976108937844,-0.43109321937732,0.4124681365244766,0.08726842635089867,0.633736083010555,6343.959183,12,0.717252396,104.9993333,38.044686,47.02697815,2.5618,10.43907836,-2.004017019,0.030540505,654.6307655,867.889227,0.156807182,0.237777342,11737.59681,0.067520865,-30.30227692,23,0.13472704400000007,184
1.2287057004233806,-0.5182320539749764,-1.7776762093752232,1.366857078573969,0.6042379663986767,753.5530726,11.28571429,0.543134328,23.00769231,108.7707567,49.508,2.2393,8.354654429,-1.9085674480000001,0.030711999,59.29544377,1066.4198,0.010386312,0.146054375,5607.808434,0.915961007,-28.50084366,16,1.5258695100000002,204
-0.602182957770036,-0.6721509744445222,0.9084090575731322,-0.27285856925708796,0.5216025106477261,4930.723328,23.66666667,0.723333333,82.00583333,42.76118569,47.855,3.0242,14.11047525,1.086647809,0.022901618,254.8120511,694.5501322,0.076917558,0.129001728,24874.72704,0.138820545,-31.49416267,32,0.8324481460000002,176
0.20801254931944252,0.46346832064908894,-1.133278035755137,0.8218984544818787,0.4700670793130561,1252.415802,11.14285714,0.674558824,79.39125,79.16489538,47.1177,2.8912,12.8789073,-1.554381866,0.025223106,122.6696775,834.8903189,0.049343728,0.10543504,16663.64572,0.346626939,-28.9098288,7,2.163796012,204
-0.5417867198250744,-0.38544528192102656,0.2803420136766702,1.268726237180882,0.29218898120223485,5415.101063,21.25,0.835005793,180.8075,60.85201112,42.41369301,2.5296,10.72557439,1.230175412,0.035862697,194.422301,426.4359286,0.04926356,0.136961691,22433.89582,0.111706339,-29.60578186,19,2.6723271079999997,176
0.3037068111461,0.11438503560984228,0.6006239805509607,0.7697947904927065,0.8667838417968149,2850.244284,11.625,0.431413613,10.62272727,59.73470261,48.7445,2.519,18.0882573,-2.826856146,0.018376199,37.26240811,697.1188044,0.00238632,0.108237606,6199.15348,0.952809305,-30.4128846,10,0.30534807999999997,194
1.3194105020991609,1.1073811476099482,0.42660415500285553,-1.2554950131313185,1.1699532116243432,5941.240141,14.42857143,0.700856031,52.2305,43.03041326,49.5888,2.8839,12.75300418,-3.742469444,0.031919714,365.8017129,1900.48488,0.040660808,0.12517881,43748.95719,0.264599363,-31.46484993,16,0.7307711299999999,178
0.9539208703337804,0.06368815390213868,0.0841025031089449,0.8806371070311093,0.19011327651472412,14725.17246,54,0.843987138,290.04125,32.94358992,46.1288,3.0083,19.05024048,-4.801571445,0.02448553,541.9415428,1661.039622,0.133988359,0.183497582,53001.65024,0.156098115,-30.89438232,25,0.7002537779999999,173
-0.7238526456399768,0.9245855072426116,-0.5177570923863501,0.9539191511437504,-1.1417109708789168,1554.773096,44,0.513611111,16.08681818,59.64793309,46.6466,2.7701,22.22734398,-1.12821342,0.01843422,57.18138686,1089.469844,0.0029151,0.101975805,9801.15725,0.97035498,-30.39388512,11,0.05987004599999999,210
-0.29122601394824926,0.1416715292742017,1.0873273488036417,0.14449069935747577,-0.04975715517195405,3257.311807,12.75,0.700744186,31.6473913,33.20556678,43.2108,3.4062,12.85012864,4.899850197,0.028158498,281.8811402,175.4719295,0.137275099,0.278173319,13393.43685,0.031703831,-32.31791992,14,0.34300293599999987,184
0.41186040617826486,0.23450782113046637,0.6873220023422744,-0.01459864871315526,0.14127992811025156,2282.970316,100,0.461162325,55.64,84.9454284,46.4621,2.601,12.46766472,-1.355768933,0.019815829,221.9065659,3454.550137,0.009884396,0.23674265,13550.89957,0.79285078,-29.24860809,9,2.87804099,214
1.1628933597882904,0.7463694633940158,-0.21366777223131003,-0.5559592052166804,-0.6225201690263991,5818.338467,12.16666667,0.452479339,11.94222222,39.82136211,50.7708,3.6811,16.8958296,-4.188976936,0.016842399,53.77210141,1017.395497,0.001463986,0.124660155,3629.590954,0.96361358,-31.52655716,11,0.02283478,187
0.7063495713393037,-0.12838493165819928,-0.3730291925476436,0.2803343035294535,0.431542045626886,3162.487714,17,0.443027414,17.5153125,63.99757355,51.2523,3.1171,18.05083285,2.29820713,0.014198678,75.56442409,1454.519366,0.00365173,0.140112525,6277.444354,0.980329883,-28.83520973,8,0.03585186999999999,214
-0.0953663154232872,0.00555978045858429,0.7455925928080298,-0.26155791838916753,0.30354052054788844,2434.930007,5.75,0.571273885,35.66130435,26.34691116,47.43,2.7724,13.29421935,1.475648048,0.022098517,32.44381828,632.5679962,0.004671933,0.058749125,7136.87314,0.992991122,-32.26276764,39,0.280353204,184
-0.06275898710107417,-0.7816652999778031,0.1927523489476542,-0.11321485768149808,0.5684779983429633,6274.966323,23.75,0.738243513,181.525,45.42074094,45.9979,2.2363,12.16012383,-0.355912147,0.0197133,183.9621265,635.7115585,0.124465007,0.105243419,15597.69673,0.175995595,-30.7044619,17,3.504248252,176
0.3049929352555242,0.14577881726993364,1.1064258695338538,0.5004706117806523,0.6273230711130172,2276.433367,7.727272727,0.556802444,29.78483871,28.3755537,49.2788,2.2059,15.14435088,-2.217365046,0.016888002,49.68368204,862.9270524,0.011639383,0.100645453,8494.084443,0.884566362,-29.62441109,25,1.4654756480000004,194
-0.21784715192699192,-0.9251465772091232,1.5020500642562382,-0.31430713044952935,0.35236414234677965,3934.574913,21.83333333,0.600533333,27.53965517,28.71094973,44.5831,2.6785,13.72755983,-1.642497358,0.018202124,35.6573934,550.8337994,0.007237312,0.121430263,5652.919906,0.786757874,-31.50082573,19,0.8717042319999999,190
-1.5019828777062996,0.9879372835748004,-1.4296106250339462,-1.3915291655288922,-0.505349050591087,1027.469055,11.4,0.747298852,25.82230769,30.22133516,46.65590721,3.4313,17.64163555,-3.304104471,0.037659678,293.100871,1056.844286,0.049690071,0.185189755,10663.90478,0.183638613,-31.7619384,39,0.13069728400000002,201
-1.434051252531033,1.6952787189566194,-0.06544538606070291,0.22161421126972836,0.09164300343832818,13471.34555,10.71428571,0.727398031,37.70390244,25.07342191,46.1461,2.8689,9.4456574,-0.960306582,0.011603275,64.38250163,1218.153371,0.009217378,0.187226247,5654.656433,0.963616513,-31.12585052,43,0.25256802600000017,201
0.6893020164552806,0.18103791494718052,0.2814772931824226,0.7839642554118962,-0.7840469491226385,5533.040965,14.4,0.741333333,464.5518182,50.42983756,47.67018742,2.7813,11.88809947,-2.553910637,0.022305858,158.5227034,1462.722827,0.084421155,0.099414872,11810.62239,0.469938124,-29.57202751,19,0.5100815500000001,192
-0.76079374032832,-2.04376617914986,-1.513854088514779,-0.949588009220984,-0.2965389714265091,3940.672723,19.22222222,0.582902711,10.62724138,59.5898634,49.5655,3.1537,24.97578579,-5.295990353,0.021166351,30.67862373,570.9240481,0.008092113,0.09870045,4701.045194,0.947790985,-26.91909874,16,2.020267208,198
1.1584456238678011,-0.35087670215425415,-0.7028963884466697,1.2536696417204416,0.19931481377434165,2564.008235,31.4,0.503144937,18.1248,71.98975989,49.97481598,2.3998,15.78966381,-4.831233406,0.019001546,56.06954516,1054.668742,0.005220447,0.102962832,6909.398779,0.957985976,-29.35997421,9,0.191949594,199
0.9746114342968386,1.207988374898617,0.02215311382568648,-1.6116966157825177,1.546883269439024,558.1423158,8.833333333,0.745955595,20.73692308,30.88137102,41.7865,3.3851,16.91193401,-3.396905575,0.043939801,340.9208693,302.2447202,0.123462893,0.249720989,20281.47928,0.045151818,-31.60210312,13,0.12807601799999996,178
0.24588262316143783,0.23316690222027547,-1.4781962602847194,-0.23789169613709976,-0.7779777854234052,1887.820883,11.1,0.826454183,25.59923077,42.84984525,48.0268,2.3406,10.23575322,-1.65548687,0.025728046,49.69193402,961.7688447,0.004315727,0.09546015,7785.826318,0.985723056,-30.61052475,35,0.39640290199999983,171
-0.7445086301840872,1.5920149254723737,-0.1855240815307928,-0.4980127727530459,-0.446777326522436,2889.917787,10.25,0.726504673,14.44153846,26.55267924,45.3207,2.6278,9.476248129,-1.701589055,0.030860449,48.04266687,922.7760453,0.003307927,0.061369374,7777.760832,0.978226255,-32.22803726,41,0.4721162659999998,192
1.1411187936069285,1.0116915656991414,-0.15714620391007014,-1.3231814678509055,0.813117363213369,1060.43022,38.33333333,0.514126723,125.13,29.15368017,48.8102,3.4292,20.9995435,-4.21493639,0.019161852,28.52519365,425.4032202,0.015597803,0.069989351,6799.94353,0.759525364,-31.36397026,14,1.4816989460000003,187
0.40100360468206325,0.40478838973310993,0.8976999039371762,-0.08783499817287058,1.301973588005722,696.7590192,16.14285714,0.302154626,43.09315789,30.02064072,45.8642,3.157,20.65311213,0.059482093,0.036429285,65.26612185,1186.595141,0.012894594,0.133818112,5307.259933,0.925944312,-30.95980347,11,0.363301864,194
1.042025619860634,-0.23164780577476865,-0.6883929990545207,0.9152201457097484,-0.02065566214057911,1912.374508,11.125,0.837387264,12.6,79.52380952,48.2173,2.4126,10.72142194,-2.04311244,0.01582692,87.19701086,1569.017,0.004217215,0.217542696,6622.476917,0.916423382,-31.2407621,23,0.31184815200000005,218
0.3772580243639387,1.1596523719449467,0.8261740549598003,0.7329576623617722,-0.5716407305388046,13777.87339,17.75,0.653023256,115.2773333,52.34333434,45.62689027,2.9112,12.28988589,-0.489013815,0.058033351,119.5552018,828.0383301,0.036463248,0.078685204,14268.49828,0.352737859,-30.7723716,15,0.40895961,192
-2.652524699965812,0.12963783203590246,0.45610471869070135,1.8490358726316551,1.1426748272424918,2151.573099,8.625,0.5139375,97.33210526,33.43409163,47.7417,2.6309,15.10301783,-4.539147778,0.014167614,52.34483001,739.2351391,0.020037641,0.10331998,9082.820518,0.719248424,-30.12511765,23,0.9910199700000002,207
-2.879696082987803,2.101497221608203,-0.7096391748580896,0.6586838362547291,-0.4073908617540204,6833.020309,8.071428571,0.784013051,17.17127273,28.27131996,45.073,2.4086,9.306032938,-2.535994158,0.038557095,48.90520194,950.3364398,0.009026074,0.082198403,8119.236076,0.989674626,-31.92011078,27,0.33696973999999996,201
1.1756923855201291,0.707009258276562,0.06090317183812162,-0.8375408005347186,0.131232270386393,1187.792904,32,0.393837571,114.1727273,29.66796719,44.8839,3.5655,25.80580129,-1.586069889,0.026670111,51.92301512,836.5645408,0.018260601,0.168387427,3625.157632,0.820558708,-31.19426765,8,1.155117946,178
0.9490727200102966,-0.07676591727327417,-0.26970050362694514,1.1802171049106536,-0.2677027430260868,3916.993463,6.333333333,0.47427451,7.992241379,72.24679107,42.08958313,2.2703,11.59385484,-0.809410357,0.036673891,42.62713605,780.5453365,0.004776268,0.148999373,5066.502904,0.932571391,-29.41205055,11,0.7007034360000001,192
1.2791526648108085,0.7999236827814278,-0.1955578644365388,-0.8470162213377677,0.6393070399031902,5222.612837,13.57142857,0.889002849,13.45916667,31.17454028,49.2809,3.131,15.66918152,-3.229622622,0.003322838,60.26505576,1150.580382,0.003251059,0.176827791,6074.656803,0.972347522,-32.03238533,28,0.1872784279999999,187
-0.07252278758115095,0.3794683376090764,-1.3825012892698323,-0.16187458667452814,0.4184743150188401,4054.358545,14.91666667,0.40855,25.68925926,76.45506841,51.5029,3.8438,18.34282788,0.560962725,0.012903799,259.0132485,4529.91083,0.007184482,0.213965181,13272.75455,0.890712986,-27.67838402,10,2.010671802,186
-0.09691665787151126,-1.484454380295973,0.19574070263022292,-1.8408913337397592,-2.290497128641661,4555.083015,13.73076923,0.86921659,25.35333333,50.61793321,49.4272,2.5262,16.14889293,-4.089233685,0.009502678,57.88363723,1102.830837,0.00781946,0.161239716,5399.399528,0.970338354,-30.72075233,51,0.8360006599999998,198
1.1829272782292717,0.665597393270532,0.08472887584480089,-0.3798208718996434,0.5687400240475279,2502.329523,9.9,0.370915556,38.26827586,21.75205897,46.8366,3.4312,21.3670743,-1.359657769,0.022426289,128.6809428,2171.443795,0.009221204,0.221526764,7730.11568,0.859418045,-32.68570602,23,0.5083069020000004,178
-0.5494941344049049,0.8858721053345711,-0.3046529264964529,0.5244648770788757,-2.2801884844862066,919.0767796,10.42857143,0.596353078,21.13294118,44.48032066,46.3169,2.0937,12.84038678,-2.179801855,0.024719281,27.46186869,502.5274489,0.004790149,0.085728315,4841.936519,0.93196545,-29.70084274,13,1.710981966,210
1.1809661391475137,0.6794816147873611,-0.04614495686570191,-1.0045589008624378,0.5537469451725867,4831.897824,21.83333333,0.64499484,48.96777778,40.66165959,48.8228,2.621,12.2496134,-6.674968891,0.015838059,28.01533794,476.4826189,0.007692029,0.070450648,6631.622859,0.866206239,-30.75265427,32,0.25496926200000003,178
0.780805619570171,-0.09277540488238124,-0.4100670420411284,1.283054931794095,-0.24026957150454856,2529.418898,9.363636364,0.511783439,12.9384127,82.71174796,48.1824,1.9636,13.29468931,-5.532659874,0.031532264,63.733615,1152.374558,0.008357949,0.142503455,6395.892001,0.920863414,-30.32957275,21,0.6583276600000001,197
-0.5842421255965585,1.1684997367978118,-0.22603702218784855,0.3058759924186865,-1.7471859567875023,5157.419145,26.75,0.65532323,33.46833333,47.13410687,47.8306,2.7711,19.84125003,-3.227474222,0.022268215,36.14901293,682.2320519,0.008917571,0.107712471,5630.143242,0.961182347,-30.53047264,23,1.4691109440000003,210
0.02589620984817319,-0.9465968615540324,1.896150680821336,0.21812696575427243,-0.7124408117134945,3854.560391,14.125,0.720942623,55.015,22.77787876,47.6881,2.9169,13.46337806,0.528578176,0.017021405,58.93334037,1087.772139,0.006789977,0.135523456,7488.630832,0.940041406,-31.37796219,17,1.478615598,190
-0.5505166916606843,-0.9734743063494626,1.5479904934134494,0.9883113170136808,-1.7087195231576853,3221.141398,8.7,0.536204082,42.75666667,28.51407188,46.1042,3.0052,21.69067983,-3.369336185,0.027157844,36.51406789,706.0798152,0.006083869,0.086335217,6673.746305,0.984835483,-31.63055786,51,0.4367734840000001,214
-1.6329680123936,-2.480865252321458,-2.552402989703091,-0.8834553881002039,0.8069459830403524,1008.45034,65,0.660559361,84.069,83.96674161,50.0735,2.9659,27.39596504,-4.834875469,0.046328238,19.13844685,204.6626263,0.01626253,0.121807108,2996.220424,0.544630505,-27.22561348,25,2.6201999559999996,198
-0.2987216306592516,-0.5258780093660367,0.19876075971755097,1.0474729503873577,0.2647488858010613,1927.938456,6.75,0.651849315,8.947721519,55.92258831,46.00572255,2.9865,13.86416913,1.449015892,0.018469937,44.00562966,806.9089015,0.006469023,0.136116025,6346.789243,0.933869898,-29.63045723,20,0.5079691820000001,176
0.35661328041888396,0.08117056475347731,2.1299962743054173,-0.02194689566137339,0.3365583604963137,9100.00799,21.33333333,0.659186992,35.89695652,54.44327362,51.7684,2.9123,13.21106008,-3.702818565,0.033525941,25.8756593,377.7666706,0.007019684,0.067728055,6967.912358,0.743536554,-30.53933449,39,0.7314195819999995,214
0.23844792477994323,0.34597759618391066,1.0502152877297712,-0.02391115149041006,-0.9504856850057872,19897.44813,9.375,0.803303887,36.60323529,32.32597569,48.0312,1.9905,16.23715279,-2.015269775,0.030041004,27.8415949,500.6034726,0.00992836,0.065678966,5615.495093,0.915735093,-31.49688957,38,0.8569166859999996,194
-0.2592432024151454,-1.3002499059307675,-0.5863752207969352,-1.4312563395713114,-0.01008630452293855,1651.992366,16.44444444,0.392620711,25.38472222,73.91803907,52.1131,3.5169,18.72678309,-3.629400444,0.019690743,94.86542008,1778.223725,0.015326148,0.135726563,10484.40729,0.95465967,-29.377017210000002,21,0.717332888,198
1.0633849699555429,-0.4148509980941463,-1.5940163651906012,1.495456324645266,0.3067498884344152,1207.150677,60,0.526490385,29.28866667,112.2163294,45.596,1.8654,14.30173975,-7.822342796,0.018860825,131.8929099,2240.595771,0.006034813,0.215011936,5528.664858,0.865191356,-28.14208351,24,0.26026001999999976,204
0.1214557797513946,-0.254799558293774,1.045155197114632,0.1255037417797897,0.1190378487805888,1337.930639,12.71428571,0.363299663,101.005,34.9267638,45.67670043,3.084,16.51678261,0.903210109,0.018935985,71.67176062,1200.76859,0.027512347,0.184413677,4601.402015,0.853259939,-30.6688369,15,0.66277065,184
-1.1432549564101997,-1.080622677007358,-0.9805002715207688,-0.9457939756019942,0.7800483231995311,1107.199767,12,0.475330739,37.0525,20.96124868,45.364,2.4251,19.73679728,-3.337914391,0.033303745,33.33844281,456.731319,0.007149964,0.086590748,6078.410193,0.697727101,-29.3611425,14,0.2855344480000001,207
-0.5396141137247664,0.940527416116361,-0.0758185766600691,1.2904931220255011,0.1919504067894626,1455.272286,15.18181818,0.556699947,20.58982456,34.95168794,44.2194,1.9331,8.184482333,-3.225479898,0.023079763,49.53382112,879.223257,0.010013636,0.1344064,6630.802904,0.903997951,-30.20851883,17,0.21658944799999996,199
-1.3122229501984914,-0.6827693733637025,-1.2017877357462627,-0.7240851556812306,-0.18078542414195484,4970.222736,11.9,0.531902609,9.935233645,56.88242543,46.8851,2.6806,25.85181099,-4.546544094,0.026744414,34.78459014,623.8280112,0.012626716,0.12364765,3564.189703,0.913372835,-26.727677,35,2.4745925959999995,207
-0.13392680176155408,-1.1466156902201328,-0.24252497689032357,-1.6417955849959112,0.47224493658047223,4587.859446,56,0.736424558,378.5575,51.25707455,46.5314,2.4411,10.5809721,16.19179199,0.036081533,122.7535085,1085.643539,0.0322013,0.09784763,16686.64227,0.450425996,-29.86837639,51,1.1231641800000003,207
-0.2822288949941405,1.3225714976931284,0.7697147334664796,-0.4207383616406989,-0.4334846524377275,5358.547178,51,0.704633431,79.18722222,43.91842118,42.7476,3.046,12.99780495,-0.576521285,0.027698803,122.3003272,997.2995912,0.028673135,0.104143077,15695.43313,0.41530593,-29.92261543,20,3.243255888,192
1.1741508714893163,1.0497597109197896,-0.274091350805312,-1.4602706629077435,0.5734534174856964,1400.873134,19.11111111,0.375643564,10.84082192,30.74376406,49.2471,3.5877,12.28176582,-6.272942677,0.020085985,39.94281361,770.6508274,0.005671147,0.105945454,6158.982348,0.982627932,-29.95290039,17,0.5457281020000002,187
0.5029794305986189,0.9559749213579316,0.3401142241352439,0.38226226581550815,-0.18845721115411024,10603.44711,52,0.756332703,211.276,67.73130881,42.2868,2.5681,12.29946254,-1.386072345,0.035277871,297.7595241,1779.750534,0.029532526,0.108105963,44428.59413,0.30441327,-30.2688755,15,0.485640902,192
-0.12394671605617706,-1.418851555068561,0.15873517634088644,-1.5940707276817498,0.10246873908165356,1878.299479,10.5,0.767455919,18.616764710000002,32.38700096,48.6416,1.9453,12.06376036,-6.833443317,0.024097777,82.51238275,1606.920165,0.002501863,0.12446020000000001,7261.090854,0.991848366,-30.26289833,19,1.003902058,198
0.15167367734468373,0.5129582993108509,-0.4052944979734337,0.2992502446485544,-0.2747914274065211,8627.81114,51,0.433592982,32.57454545,97.11989283,51.1322,2.6786,12.92897475,-1.034137921,0.023881955,49.10188883,906.4968488,0.004842902,0.121027965,6871.111046,0.940238889,-29.9556591,14,5.643265386,210
-0.7329105045944636,-1.3568470373676986,2.2926108525049846,-0.9728609919752426,0.26582928200727074,6651.388133,16.57142857,0.503741765,33.12785714,31.13478083,46.2916,2.2697,17.97811543,-2.359893579,0.021970102,37.08277715,555.4134966,0.010754376,0.085891633,6609.135124,0.762806329,-30.49913658,13,0.277920928,193
-0.11465493139580649,1.0987273782766298,-0.16300091579713782,0.30430954986653425,0.4523188222117212,4529.130426,21.61111111,0.580490196,8.090229885,47.14072601,48.2555,2.4017,20.34089574,-1.80847455,0.025789036,39.22663576,742.0620898,0.00647404,0.086353771,2720.801406,0.963450247,-27.53228081,11,2.491033216,186
1.2588390500736493,-0.5424339161504534,-1.195573523043301,3.128096674519973,2.3770956733643493,1299.94218,100,0.508307692,29.415,109.3708264,46.7352,1.9107,13.28352151,2.092139616,0.016403419,172.3581841,2963.472685,0.005440301,0.187147156,12887.37985,0.875667293,-28.24588402,9,1.395009964,201
-0.7293368984138696,-1.067253748284033,-0.3763808934827823,-0.6146331667736422,0.3765565472230227,12899.53065,57,0.739580603,124.1833333,43.39014897,45.8634,2.3535,12.68218295,-4.889870567,0.035119219,262.1199744,264.8873745,0.121581139,0.134676165,24447.84897,0.051467284,-30.60012756,48,0.323293288,207
-0.6323596018116993,-0.6667001524104769,2.075990864886588,1.3872469479893192,1.0380642313555166,4006.367603,7.433333333,0.684597156,13.73934426,28.99415344,46.0314,2.2327,13.57853598,-1.747870312,0.025291141,56.04833807,1075.156402,0.005498073,0.130204208,3958.112769,0.976965024,-32.11829193,17,0.21705078999999997,214
-1.8303988738226893,-1.630006557038735,-1.370880011056892,-0.01707587078161814,-0.6419750959676347,2292.457711,7.875,0.698797791,8.701666667,71.05918406,49.0766,3.3377,19.40119266,-5.913511944,0.030861077,22.89202775,405.6160418,0.003654508,0.079721325,4880.961265,0.902403911,-27.51932449,16,0.311996436,198
1.4667674147296197,-0.5342843533098917,-0.9172347683366668,1.7717363536676578,2.0216889765711525,1624.471067,22.33333333,0.55293247,7.833650794,86.62262928,50.2095,2.9707,20.2414485,-2.534376917,0.016901424,85.23560825,1577.214676,0.00470319,0.182108673,7119.431634,0.942409933,-28.19811043,7,0.190914226,201
0.44474859670131456,0.1149764268808108,0.8526393062340188,0.6349597398531326,1.1061680298974643,724.8322479,10.5,0.646475096,18.6862069,35.14486068,47.1147,2.3105,17.84014685,-1.795784907,0.035627616,50.15094589,963.7924396,0.005712559,0.18410457,4513.046337,0.978756133,-29.5929882,33,0.12870551399999997,194
-0.6775784569638138,-1.3781043540812223,-1.189036595157282,-0.5644671486539112,0.6183823390263326,1089.814549,11.08695652,0.536567376,8.817862069,68.70067809,47.6108,1.9826,34.33008154,-6.287286301,0.029811023,42.16448497,767.9157159,0.014807586,0.129440001,5175.862358,0.927549009,-26.53940071,13,2.4049645360000005,207
0.7634590617306459,-0.1114372761539578,-1.4145722531043168,0.9303051436057864,-0.7726598269066834,9565.50094,52,0.762681564,162.7346154,75.81007303,41.7288,2.0035,16.48457729,-5.529935226,0.024196976,389.1951861,2187.298248,0.050860436,0.142013937,26337.81465,0.286227037,-28.62358864,16,0.919351866,171
1.096044351998638,0.6888151716482727,0.31815711687956805,-0.7512206032305184,-1.109213683312663,7463.454339,17.57142857,0.861419753,24.03863636,36.30519051,48.0381,2.167,13.08865223,-6.178749332,0.019533613,25.01280706,470.4403709,0.00478951,0.11586878,3831.267001,0.957882547,-30.7249192,44,0.1616640420000003,178
-0.6665542123582413,1.4202230719781217,-0.15652926625295377,-0.6443103838887843,-0.1654798262672474,8926.127287,17.5,0.562378378,65.53,22.77158892,47.6154,2.9562,23.62264499,-4.70964138,0.015967414,38.41574794,616.414094,0.006430651,0.094963642,6687.088693,0.817209444,-31.61735474,36,0.5115592380000002,186
1.2428555644635926,0.5525378194270212,0.21392739953034512,-0.40494692048155695,-0.9464807349084104,1676.821982,22.2,0.588996764,13.15315068,53.95863276,51.6016,3.3007,15.4995017,-1.052688484,0.019566318,54.1485953,1056.368264,0.007721691,0.104753642,7739.815056,0.993569521,-29.46673668,24,0.139811484,178
1.4292850142541165,-0.2913690241760061,-0.3653196666980283,0.9143723964970448,1.4232904848322503,4667.362432,100,0.457589074,25.193,101.0598182,50.71528769,2.2456,16.40493393,-1.839501524,0.017481063,163.5820325,2937.020312,0.002353618,0.220834075,9018.586047,0.914411038,-29.24295647,9,4.016364751999999,201
1.0917159617595842,-0.3850066360758103,-1.3255055861994258,1.5308210363385633,0.2364653488891444,1663.915804,5.625,0.548971631,10.79115385,95.16341733,43.0226,1.6155,14.48454989,-9.027768059,0.018663197,75.83405268,1438.326317,0.00234265,0.162001431,5472.994701,0.965969182,-28.95310913,23,0.10264986399999998,204
-1.5873510054393634,2.2267264173389023,0.0973866072914203,-0.27504012175544207,0.5796946114106423,6839.481774,14.6,0.853659359,22.451,30.86722195,46.0457,2.9992,8.423556649,0.305232357,0.021213079,60.51088723,1155.637431,0.003617919,0.124395015,2977.570123,0.97265358,-31.37116493,25,1.092638778,173
1.285357129065039,-0.3363705687746997,-1.6825267476104715,2.642291921788175,1.194682624522855,387.9322453,10.33333333,0.537659574,21.01179487,134.2225368,51.6177,1.4655,14.52372841,-6.427088184,0.031844478,77.90841048,1451.477746,0.007336503,0.184289918,6166.485694,0.94884691,-29.79856621,16,1.170765862,210
-1.6863649668640863,-0.24758093718053992,-1.054891668231726,-1.0810523827113676,0.4600880892578034,3487.563223,9.266666667,0.727330823,29.98761905,42.66840283,46.0789,2.4224,12.10064587,-3.910404129,0.028730332,34.3148199,658.5643062,0.006055371,0.06963652,7139.221495,0.977432048,-30.36211143,28,1.2992240199999998,207
1.0095942617702829,-0.3503181594111561,-0.7586371701573051,1.964074555715905,-1.4313106969140046,5966.479341,13.83333333,0.509751693,28.1125,89.65095598,48.4728,2.1862,10.06310977,-5.17349678,0.01930101,92.14161905,1540.75309,0.014680419,0.13688494,11614.51083,0.851622875,-29.80174431,14,1.324513016,199
1.2825812749228749,-0.21908201738345215,-0.23353037819031103,2.0569637393916453,1.7638142580073013,1132.525405,45,0.425755568,20.97878049,101.4381547,44.6631,2.3883,14.9660505,-1.262010393,0.018683521,164.6063741,2765.150525,0.007699249,0.180832055,14880.28227,0.855543782,-28.98805031,14,5.597296265999999,201
0.9549996913699612,-0.22967465256668107,-0.6343872073941218,1.3473211993728635,0.31736849960942864,739.186812,100,0.533304473,19.89454545,96.09760556,46.17,1.9748000000000001,15.68658836,-5.899693413,0.02425412,42.8381573,788.7952854,0.001800862,0.11596443,5162.650056,0.937785762,-27.68843018,21,1.3573804380000003,218
0.14567365662723328,-1.864108228812684,-1.3626719054551415,-0.3713551722698632,0.34570126081474606,4512.945817,10.39285714,0.534292683,7.1044,112.74703,49.2153,1.7528,16.3078055,-4.455657883,0.032259373,81.33693219,1505.071393,0.011956591,0.186749153,6839.965504,0.942408996,-27.40845619,13,0.83204567,207
-0.2136676983197318,-0.7775067891425452,1.906508532509934,0.6837936675393257,0.5033787069324306,1889.930674,36.33333333,0.562627737,128.66125,24.80350533,42.48747492,2.3974,15.71030643,-4.48467865,0.022067598,34.23878229,484.7949762,0.009598398,0.084206055,6522.291232,0.721123934,-30.68918068,35,0.116256656,190
0.8331118916622154,-0.4126554178528508,-1.8980365085794075,0.696205052932303,-0.07810406619482037,2524.223924,13.81818182,0.567342694,21.05571429,98.81945858,46.0611,2.1759,11.28035191,-1.883358736,0.032923567,33.01925104,629.1909129,0.005833331,0.086087272,5114.161113,0.970477193,-28.71785606,11,5.397193420000001,204
-0.4107421669803808,-0.7991350465233158,0.014208404297888,-1.7316394892801286,-0.30685827792327486,6540.013113,18.16666667,0.77210728,46.05529412,27.75436176,47.8566,2.3743,12.06562126,-4.836797256,0.01525784,44.830055,834.3781824,0.007008403,0.144781792,5363.196303,0.947902738,-31.98615517,44,0.44362834400000006,207
1.259470737763179,1.506796999584344,0.10499716132364983,-2.293631352839762,1.4276300544114169,5448.11422,13.55555556,0.529251101,25.04,42.20306333,50.9109,2.8395,15.24056837,-4.330367336,0.021894128,26.2371802,380.0854237,0.01017994,0.073275004,5797.043931,0.737792382,-31.52756775,20,1.8630675820000004,187
-1.1274636418163486,-0.6080350190256497,-1.1924914237857387,-0.05176949710082033,1.2598081305563762,1232.12555,67,0.700114482,124.5983333,96.49674287,42.4915,2.0094,26.38676925,-4.930726929,0.027291869,34.27581665,467.5663812,0.02403185,0.145953412,3225.000247,0.694745234,-26.87278496,13,1.217618794,207
-0.17457640712905045,-1.4993353747585838,-1.9352992175649215,-0.47181320511335567,0.8098043103181022,1208.655603,9.066666667,0.436826531,19.35,87.53021589,51.4427,2.0017,16.41154998,-3.691602726,0.020871131,137.3615483,2414.719507,0.013143257,0.203780132,8744.632061,0.895306264,-27.4717852,12,4.2814856180000005,207
-0.3659696897854496,-0.4599015003243195,0.2987551176390522,-0.13607206176515207,0.6418466324915433,2453.161129,17.5,0.675207234,25.61142857,31.26394467,48.64664335,2.7148,12.22236199,-2.122420931,0.025391652,28.99091028,506.6910323,0.004461038,0.081732591,5167.323283,0.890125978,-32.03806145,15,0.238097712,176
-1.1985297536361563,1.48491819063431,-0.3844374953452768,0.01649285538915621,-1.520715455870951,4632.108163,17.4,0.710278373,37.10619048,39.37220076,46.1895,3.6739,16.09375014,1.254907496,0.036292536,161.2349859,1288.438439,0.017626149,0.100413672,12948.28607,0.406981342,-31.5721199,55,0.7741391759999999,186
1.099260683666546,0.7670486864319579,-0.40858447281629445,-0.7018695633863474,0.5002607674513957,2912.64875,13.16666667,0.423049645,37.997,42.27965366,48.0353,2.3953,15.85429615,-2.588997135,0.016653004,58.94544832,969.3757654,0.010743279,0.101758112,10818.11392,0.837552411,-31.73544014,16,0.943644942,187
1.1328170455130555,0.719637846799162,0.3553362530644344,-0.43238284219147294,-0.760273722677452,4654.542907,26.8,0.618658537,13.45631579,28.12218876,47.7668,3.2793,19.16276724,-3.549449615,0.01600442,48.10767143,663.1468875,0.004457875,0.122677039,7524.070824,0.702045903,-30.071315,19,0.3615317719999999,178
0.3670653906247073,-1.3972415940719245,1.2649346555148515,0.06290058889119092,0.2200968697408032,6266.42515,16.6,0.77726175,49.942,47.79544271,46.9333,2.0129,8.380792936,-3.306827364,0.031818239,40.65469806,574.3777471,0.0128926,0.091130202,6494.73508,0.71954337,-30.3231028,27,0.15807163799999996,190
0.2017048869515499,-0.4780681472131768,0.49123443494631686,0.02932787402723844,0.16956041925249987,4249.350782,50,0.463585657,25.37047619,57.47212733,47.0431,2.2755,14.34493841,-2.168229208,0.035111186,43.96819791,853.1394527,0.005039662,0.09670156,1988.891379,0.988215065,-30.96282967,21,0.17222619399999992,184
-0.6138863314302593,0.9372027199549334,-0.11508358399050676,0.39153546294781655,-1.6001715430782593,3809.576037,8.647058824,0.509642005,21.37956522,48.50222683,49.6567,2.4174,12.06708217,-2.591582928,0.011304924,53.12513217,1033.811891,0.005513593,0.081304869,9202.028687,0.991086612,-32.30328072,16,0.7715870939999998,210
1.178040658654168,0.9739174861516262,-0.28952434824657286,-1.204647372194684,0.3226696022508633,1710.420459,73,0.4889375,16.02,29.8585102,47.5595,3.2042,14.64848904,-3.895658379,0.015762119,49.23749081,956.2389545,0.001655302,0.107179122,4781.748298,0.989100972,-33.01845062,42,0.2004432720000001,218
1.1762797637783622,-1.2431523283490795,-2.2936969922847235,2.1907597918566832,1.0256912752075422,555.6668794,37.33333333,0.555771345,20.88414634,109.2671533,47.1025,2.7626,13.36575502,-5.590715485,0.030308981,102.640606,1791.634528,0.006847692,0.150492455,7907.096342,0.888997063,-26.33987984,21,0.9372858039999996,197
-1.7359457437572765,-0.5390111263779493,-0.05225534718656082,0.5733256245451661,0.14738906430314297,8309.250324,28.33333333,0.757370518,90.88230769,40.50039358,48.2345,2.5292,11.76196729,-2.922584534,0.03273155,27.872413,442.7450607,0.01352246,0.069837868,3824.6964,0.809001387,-30.44270241,25,0.6887564019999999,176
-0.01996457038146688,-1.201570419281032,1.5154912277877377,0.2979383641057614,-0.2449726027546819,6631.906161,12.66666667,0.670286738,19.17266667,47.28954414,45.9814,2.4735,15.18300142,-2.585423336,0.0329153,18.88733802,324.2869931,0.003830998,0.099259677,3453.805612,0.874437728,-31.20744713,19,1.269459158,190
0.347208725441399,-1.3646555033793732,1.5148375690516385,0.35275669386206443,-0.6651599396947564,3069.050836,14.36363636,0.592284733,10.98089286,53.85978892,51.41695267,2.8457,18.58994924,-0.574813867,0.013673912,72.00436784,1384.228269,0.003842745,0.118144581,8633.222818,0.979081811,-30.88110001,15,0.21379794199999996,190
0.7590249379011486,-0.4287163842317423,-2.017078921774286,1.3638371979058728,-1.8618260167624632,664.2623243,21.16666667,0.544542683,19.19083333,105.0089018,45.9704,1.985,10.51968927,-5.643701572,0.018709899,158.3301036,2861.040005,0.010839239,0.226234423,7694.718769,0.920302379,-27.03225578,16,1.0196067240000002,204
0.09108955203652688,-1.8919171117184168,-1.4402169580898558,-0.09240247502125289,0.2665180988434319,826.2192711,13.5,0.50972067,23.41222222,74.65236581,48.2765,1.7645,13.73069409,-4.640296001,0.021463363,98.09409017,1766.190653,0.005696518,0.183575284,6277.424757,0.916990526,-29.68064178,12,0.8335850499999999,207
0.17327943061189835,0.5285349831105413,-0.597010902415819,0.45412982897826226,0.1736117400791441,1806.610644,34.75,0.515746924,34.55758621,80.146083,46.3433,1.9846,12.13441019,-0.474692626,0.024127746,141.5172428,2718.954476,0.006869276,0.165136177,11389.13986,0.978504185,-29.70036446,14,2.88182975,210
1.257179207375848,0.6623806363261867,0.2984714818035475,-0.49517745623810466,0.10872244482689608,2557.953634,20.5,0.549170087,28.79083333,40.49321254,44.8457,2.2593,19.94190516,-2.807820244,0.012373943,48.18326576,852.1737545,0.006568738,0.100547886,9193.358563,0.900745357,-31.28800903,5,0.47836434399999994,178
-0.3798776205339509,-0.5368899016297475,0.939572493483351,-0.08544547498398286,-2.2272425089014365,4129.90118,18.33333333,0.662378559,30.92833333,45.91259363,48.139,2.1979,18.72493223,-0.424967098,0.032758684,35.79621718,555.5703449,0.005231571,0.170074385,3501.673905,0.790445683,-31.60685692,29,1.704198954,191
-0.718910884279339,1.5379455879634778,1.3642456519304118,-0.2378299847205229,-0.958031979279357,7805.313571,34,0.539136546,29.918125,46.35567904,49.0639,3.0588,11.75829897,0.74051399,0.027554482,68.99452982,1322.058848,0.004441001,0.100252056,12149.94623,0.975902066,-30.2313269,13,4.9006267039999996,192
-1.571743453833072,-0.1053951854295366,1.977975136822656,2.147516322594345,2.0720301962294667,3933.904901,15.5,0.733307393,43.15736842,42.32978451,45.46400025,2.9,9.772248731,-1.286969686,0.026085845,26.85374368,420.0068599,0.012457811,0.075532923,6126.99554,0.796565796,-30.44704468,49,0.6824941320000001,214
-0.7533850833419525,-1.832769300128136,-1.2896076056597854,-1.134128640205898,-0.2915955123424404,2465.503301,42,0.647892235,133.1893333,88.09013735,51.7693,2.6102,26.53096253,-4.25631691,0.033698153,24.4274273,348.5811098,0.06060137,0.134669129,2791.596375,0.726768723,-27.57076729,32,0.30790942,198
0.25908999319717585,-0.8031605006067798,1.5589814689000017,-0.9322078336326884,0.9353733558261358,1395.91942,19,0.568141026,20.50904762,28.55882421,45.4262,2.7328,12.12922651,-2.547017632,0.025451634,72.4838593,1286.676386,0.003396777,0.151487941,8783.895374,0.904061827,-31.74354347,17,1.546864852,190
-0.086742363630211,0.5458935381941983,-1.1244904396968662,0.01275148010938311,0.633433103321225,1949.246519,19.4,0.379028133,22.40130435,67.32915397,51.2812,3.9409,16.2607635,1.481376038,0.013704919,68.07069822,1160.052204,0.008407893,0.112505879,6009.758666,0.867935472,-28.52548264,5,0.69372374,186
-1.0641804308355818,1.73619150843422,-0.3368510504963745,-0.7842744048554,-0.24303523512136743,12305.08805,18.375,0.731198502,61.759,41.88323429,48.9605,2.6059,10.1252913,-2.20423748,0.030369903,63.39940159,1004.164705,0.017727042,0.11784226,5520.495455,0.806658852,-30.94949005,29,0.6854439280000001,173
-1.8514806247600704,1.7224729574912867,-0.3374298972947797,0.7860843302785603,-0.160931405021064,5230.819322,21,0.548335604,34.16666667,24.02439024,48.7557,2.6311,18.72190079,-2.882875519,0.022985235,37.26393125,628.6783712,0.004501377,0.075093551,5925.892762,0.859231043,-31.60252937,12,0.35472629799999994,201
-0.359885383617783,-1.5768707122701626,-0.7968794382640375,-0.9558376680210912,-1.385192913403582,1955.545221,6.954545455,0.715573123,9.505483871,46.4248142,43.5688,2.8632,14.78280276,-5.58977953,0.02499874,34.61868936,653.9982345,0.004048609,0.107593886,4678.094025,0.962135112,-29.30393494,25,0.251031082,198
1.195355161755706,1.586853906255277,-0.01450087747522255,-2.3531747244920473,1.2734084905423273,5137.785216,27.2,0.526847195,27.61533333,46.32691983,42.1064,2.8209,15.02106259,-6.002117405,0.031339915,82.89620538,1571.629987,0.008400461,0.143595333,7163.109461,0.96557445,-31.22503937,15,3.2363253380000003,187
0.23967192118988112,-0.46071887586138927,0.5784246824323374,0.8292993039360811,-0.2182654063213268,4846.272214,12.375,0.470781563,10.75842105,81.35609804,51.3466,2.9588,11.54947823,-2.930929422,0.02611746,84.24471185,1577.522765,0.00526215,0.1946339,5353.99708,0.953680925,-30.42448532,15,0.7836014480000001,184
-2.455561717427747,1.582424542040457,-1.155780048700538,0.04375300152955841,-0.5394399455586608,2094.310913,7.3,0.682317979,9.06952381,36.01806154,44.0291,2.6569,9.695411652,-2.52251895,0.035311281,42.25643332,776.8771439,0.005708689,0.14080954,4649.980335,0.936331463,-30.93036636,15,0.20240594400000003,201
-0.14548784788735936,1.0598771004687018,-0.11593370221943736,0.43745030012279734,0.08098158343115086,3080.98396,5.133333333,0.589443508,8.52530303,47.80777365,49.7611,2.9548,17.30347394,-1.829936752,0.019626189,38.9404599,741.866333,0.004211112,0.108103833,5253.502153,0.970274675,-26.86771667,8,2.7179462140000004,186
1.0996863803641517,-0.4767332667610058,-0.6614324304346113,0.7409858794590173,0.7396085059977435,1560.249832,70,0.487289433,33.74666667,73.38996444,51.9195,2.6283,21.34417505,0.169841628,0.015929431,134.4422234,2568.734465,0.001567896,0.177156399,12470.61238,0.973091405,-27.96968521,9,0.211011524,204
1.1734797088360192,0.8750525504157297,-0.26185983421224723,-0.8633584717271745,-0.2603557124135966,6888.454665,24.83333333,0.526975477,18.62756757,32.03621485,48.6321,2.9738,14.68436838,-4.968413277,0.013691398,70.16679988,1337.242784,0.006103534,0.149876902,2993.648385,0.970618809,-32.70044456,9,0.59664566,187
-0.6170267844589743,-2.0215715348270713,-1.501833811540363,-0.9646276283707764,-0.2079446332559616,1629.089001,10.4,0.587400966,65.61714286,65.32482801,51.8091,2.9684,24.91140915,-4.716909599,0.04679614,32.84618836,449.432128,0.01484025,0.175955019,3265.721909,0.696865952,-28.43337364,24,1.2309806560000005,198
1.2540959346511935,-0.37815003975382683,-1.46172456453659,1.7141820188903545,0.9583481009200436,1807.61177,8.875,0.548823413,9.41625,117.2618257,50.1498,2.1449,15.65506399,-8.953248901,0.02351324,58.09501496,1079.73367,0.005789058,0.16718394,5541.439568,0.94655943,-28.30645691,10,1.77944265,210
-0.346877644976115,-0.666971956804869,0.467708771507158,0.7127783844206873,-0.7610167791501088,1890.732127,27.85714286,0.558563536,17.6074359,49.87694593,52.5132,3.5695,13.7927638,0.14092551,0.016823818,128.1564238,2491.663707,0.007940781,0.164201703,10639.80353,0.990191415,-31.72890266,14,0.08864730600000001,176
-0.4235829174531412,1.520817658938477,0.39473931722523775,0.5764386544843073,-0.7652450936177291,3914.439563,11.44444444,0.572676768,34.73176471,53.16374229,47.724,2.1401,11.12472539,-1.741205044,0.027099646,47.88331767,776.4739959,0.007290143,0.102123009,6088.55283,0.825872095,-29.24888649,17,1.9847539379999997,192
-0.4808212064443611,-0.760017952656111,0.35623569027329777,-0.41008178375137494,0.11162653142295564,1301.013799,11.83333333,0.278170837,101.5125,25.94097607,43.7538,3.9579,21.35698182,0.543180339,0.036481546,77.42554508,1272.28175,0.023821633,0.174376482,6540.531623,0.83689146,-31.6100544,11,0.5451929700000001,176
-0.31839875529137374,0.2534503205041347,1.6934448061649046,-0.4246551449520223,-0.926388756407146,18999.06969,6.545454545,0.679063361,16.29837838,29.26837357,45.2949,3.2224,15.75845406,1.04,0.022404663,44.61431839,849.3419993,0.004375987,0.075963646,7034.566095,0.969568389,-31.53,25,0.5713543839999999,184
-1.4456921574016344,-0.2945610871001983,1.099688580822398,0.5372785088548014,1.4017369620600342,1877.633291,29.66666667,0.575522388,87.694,25.61178644,44.6355,2.7603,24.82237046,-4.662024574,0.020660844,38.49389995,608.4670665,0.006347448,0.097861069,6003.352164,0.805035948,-30.35851463,30,0.24308889999999989,214
0.0631056217032632,-0.6580451885903916,0.7083909908167709,-0.5645303035793701,-0.00758822266355083,5625.345322,22.8,0.708980514,69.32666667,41.61114393,49.5241,2.8485,17.10596603,1.510965064,0.016408853,373.6807165,1252.178412,0.069249752,0.162395096,31725.51322,0.17066153,-32.08694847,24,0.14487466399999996,191
-2.685874044933798,1.795356689661592,1.2323892478720728,1.818703433943904,2.765574736101346,2968.724349,31,0.667737478,23.50708333,38.02045483,48.2354,2.6523,12.18918557,-3.0586905,0.021073553,89.72960457,1745.054558,0.006067412,0.156305186,2149.928851,0.990474652,-31.67893333,28,0.4818200960000002,194
