Soil.Fertility,Light,Temperature,pH,Slope,Estem,Branching.Distance,Stem.Wood.Density,Leaf.Area,LMA,LCC,LNC,LPC,d15N,t.b2,Ks,Ktwig,Huber.Value,X.Lum,VD,X.Sapwood,d13C,Tree.Age,BIO_GR
-0.2639193420021165,-0.8515993646113493,1.8414477879281963,0.7566502945457205,0.5033787069324306,-2464.38787103311,13.705626789747367,-0.05823690072013286,128.66125,-23.757013650842882,42.48747492,-0.35815743591387417,15.71030643,-2.1887534798591037,0.022067598,-69.83005028395597,484.7949762,0.009598398,0.084206055,6522.291232,-0.04253064985289294,-0.3031465388428878,35,0.06932762453826569
0.3168137469423274,-1.471334169540724,1.199873910933125,0.13575721589757306,0.22009686974080322,1912.1066049669382,-6.027706540252814,0.15639711227987194,49.942,-0.7650762708431651,46.9333,-0.7426574359138282,8.380792936,-1.0109021938590905,0.031818239,-63.414134513951446,574.3777471,0.0128926,0.091130202,6494.73508,-0.04411121385290937,0.06293134115680174,27,0.2187450415490636
0.29695708175901625,-1.4387480788481726,1.4497768244699114,0.4256133208684502,-0.6651599396947564,-1285.2677090330792,-8.264070180252755,-0.028579904720128606,10.98089286,5.299269939156922,51.41695267,0.0901425640861711,18.58994924,1.7211113031409029,0.013673912,-32.064464733951,1384.228269,0.003842745,0.118144581,8633.222818,0.2154272271470884,-0.49506586884319426,15,1.384124562181323
0.20883834951479305,-0.8772530760755789,1.4939207243182746,-0.8593512066263026,0.9353733558261358,-2958.3991250330796,-3.6277065402527535,-0.05272361172012851,20.50904762,-20.001694770843073,45.4262,-0.02275743591382865,12.12922651,-0.2510924618590973,0.025451634,-31.58497327395099,1286.676386,0.003396777,0.151487941,8783.895374,0.1404072431470884,-1.357509328843192,17,0.4865214668749416
-0.2680987956093748,-0.9992391526779224,1.4369893196745112,-0.24145050344314356,0.35236414234677965,-419.7436320330792,-0.7943732102527552,-0.020331304720128555,27.53965517,-19.849569250843075,44.5831,-0.07705743591382866,13.72755983,0.653427812140903,0.018202124,-68.411439173951,550.8337994,0.007237312,0.121430263,5652.919906,0.02310329014708835,-1.1147915888431923,19,0.26285044226186965
-0.024355433834209603,-1.0206894370228317,1.8310899362396087,0.29098359276065827,-0.7124408117134945,-499.75815403307917,-8.502706540252754,0.10007798527987144,55.015,-25.782640220843078,47.6881,0.1613425640861713,13.46337806,2.8245033461409026,0.017021405,-45.135492203950996,1087.772139,0.006789977,0.135523456,7488.630832,0.17638682214708834,-0.9919280488431951,17,0.3553640385717968
0.061238854038343796,-1.3435758878057236,1.346327781947436,0.3009205384848865,-1.5160097164690416,4751.672075966922,-9.627706540252754,-0.16124731672012854,21.70577778,21.466918669156918,41.7582,-0.1484574359138288,16.08503237,1.292003437140903,0.020076068,11.275795026049,2097.167708,0.009187247,0.178355564,4265.953521,0.16233457214708835,0.791215951156805,16,1.0194979008563356
0.02030936478769186,-1.2467255782925653,1.375764232314571,-0.13802599011113198,0.22793406936502936,-1527.195408033079,-10.913420830252754,0.20364466027987138,50.35888889,-9.51853147084308,48.0477,-0.2369574359138286,11.43280644,1.8378683051409028,0.011665998,209.569157526049,625.0836387,0.106850335,0.159789143,39892.44825,-0.6621514198529116,-0.7383267488431918,15,0.2895997503218878
-0.07021621406384969,-1.2756629947498312,1.4504304832060106,0.3707949911121472,-0.24497260275468194,2277.58761596692,-9.961039870252755,0.04942210027987149,19.17266667,-1.2709748408430812,45.9814,-0.28205743591382876,15.18300142,-0.28949816585909693,0.0329153,-85.181494553951,324.2869931,0.003830998,0.099259677,3453.805612,0.11078314414708836,-0.8214129888431919,19,0.37599384528980084
-0.8958467890408468,0.33860657233494157,1.1610967061366082,-0.09720510512299231,0.7448459574846824,-2029.4774201225912,-14.609635362799432,-0.041033723632919364,70.37235294,-41.85780781648968,46.1249,-0.38207083153583066,18.89869388,0.535679576142885,0.018171156,-39.05036454109324,575.43813,0.009143648,0.073630171,8276.479554,-0.005447729187899099,-0.14660665580066787,29,0.1401214174766519
-1.1833994534333514,0.09217137654851917,1.439278639336516,0.15699718272948218,1.4017369620600342,-1047.1482458225912,1.7570313072005717,-0.0099953216329194,87.694,-42.03322055648968,44.6355,0.34402916846416953,24.82237046,-1.328526947857115,0.020660844,-35.579658081093235,608.4670665,0.006347448,0.097861069,6003.352164,-0.03719507818789908,-0.7609214558006668,30,0.10603825734427914
-1.309450749864789,0.2813372782191808,2.3175651953367744,1.7672349964690255,2.0720301962294667,1009.1233641774086,-12.409635362799431,0.14778968336708065,43.15736842,-25.315222486489684,45.46400025,0.4837291684641694,9.772248731,2.046527940142885,0.026085845,-47.21981435109324,420.0068599,0.012457811,0.075532923,6126.99554,-0.045665230187899086,-0.8494515058006696,49,0.1037071350377465
-0.2882239876924012,-0.5867418427007451,1.8875805519275677,0.6080299908883616,-1.7087195231576853,296.35986117740885,-19.209635362799432,-0.04931362763291937,42.75666667,-39.13093511648968,46.1042,0.5889291684641693,21.69067983,-0.035838558857114844,0.027157844,-37.559490141093235,706.0798152,0.006083869,0.086335217,6673.746305,0.14260445681210093,-2.0329646858006685,51,0.07153644691951665
-1.025055065591402,0.12011645941916413,2.1360382867202676,1.3244960882194545,0.8356811563202258,910.9481441774085,-10.052492502799431,0.022299527367080615,17.09964286,-34.89578499648968,42.7689,0.08812916846416952,14.46896045,3.007218525142885,0.027129899,-11.77335394109323,921.1620478,0.006810374,0.156394836,7710.168742,-0.08919339918789909,-2.40109250580067,23,0.2018394760974137
-0.641753320253573,-0.3464836382360272,2.1037399732307787,1.4855244489947304,-0.0694741931280851,9934.613033177407,41.09036463720057,0.1927909383670806,145.63,-34.12169449648968,44.7849,0.17942916846416945,15.72869648,1.1319172351428854,0.033457787,137.71326146890678,152.9282956,0.224798079,0.174634422,12241.33144,-0.805455488187899,-1.729885315800669,32,0.09618730272099658
-0.3700668978434162,-0.27996768876175937,2.4155809234007064,1.006965621864,1.0380642313555166,1081.5860661774088,-20.476302029799427,0.09907944636708065,13.73934426,-38.65085355648968,46.0314,-0.18357083153583054,13.57853598,1.585627314142885,0.025291141,-18.02521996109323,1075.156402,0.005498073,0.130204208,3958.112769,0.13473399781210088,-2.520698755800667,17,0.4414074010886739
-1.667482793446599,1.2387352775382265,-1.2276900131429473,-0.45450156700104255,-0.43120632664843134,424.2685820633945,-13.38192391391998,-0.0015485773468244084,32.53529412,-27.204520478014437,48.31938964,0.24074892442608736,20.36875688,1.0080129494751449,0.015390751,-34.252910998474526,783.8481612,0.00835941,0.108019929,6514.697841,-0.08765842758978087,-0.36935692536536824,15,0.38228398368939337
-1.7584827757692314,1.8595918582846827,-0.2170256904575777,0.6512527287662478,-0.160931405021064,1531.7052390633949,-4.04859058391998,-0.05632835834682433,34.16666667,-33.28318574801444,48.7557,0.031048924426087122,18.72190079,-0.11139630652485549,0.022985235,-53.057067158474524,628.6783712,0.004501377,0.075093551,5925.892762,0.0595622564102191,-1.5778640053653685,12,0.2518564330701522
-1.341053403540194,1.8323976197500154,0.05495882077649912,0.086782609757416,0.09164300343832818,9772.231467063395,-14.33430487391998,0.12273406865317564,37.70390244,-32.23415407801444,46.1461,0.26884892442608715,9.4456574,1.811172630475145,0.011603275,-25.938496778474526,1218.153371,0.009217378,0.187226247,5654.656433,0.1639477264102191,-1.1011851553653695,43,0.046830065104464476
-2.786698233996964,2.238616122401599,-0.5892349680208875,0.5238522347424167,-0.4073908617540204,3133.9062260633946,-16.97716201291998,0.17934908865317561,17.17127273,-29.036256028014442,45.073,-0.191451075573913,9.306032938,0.23548505447514487,0.038557095,-41.415796468474525,950.3364398,0.009026074,0.082198403,8119.236076,0.19000583941021915,-1.895445415365371,27,0.08198482542982362
-2.362563868436908,1.719543442833853,-1.0353758418633359,-0.09107859998275396,-0.5394399455586608,-1604.8031699366056,-17.74859058391998,0.07765401665317566,9.06952381,-21.289514448014444,44.0291,0.056848924426086946,9.695411652,0.24896026247514488,0.035311281,-48.064565088474524,776.8771439,0.005708689,0.14080954,4649.980335,0.13666267641021917,-0.9057009953653701,15,0.35211821374353336
-1.4089850287154606,1.1250561843681963,-1.3092064181967442,-1.5263607670412043,-0.505349050591087,-2671.6450279366054,-13.64859058391998,0.14263488965317567,25.82230769,-27.08624082801444,46.65590721,0.8312489244260869,17.64163555,-0.5326252585248553,0.037659678,202.77987259152545,1056.844286,0.049690071,0.185189755,10663.90478,-0.6160301735897808,-1.7372730353653676,39,0.10963189098676109
-0.7688965806490685,1.2693263233230694,-0.289031811350655,-0.49593076469378095,-0.1654798262672474,4333.552573931839,-4.247385069828307,-0.06437741440133007,65.53,-22.60818205823531,47.6154,0.1440947966898381,23.62264499,-2.5866449525260937,0.015967414,-70.65229705776062,616.414094,0.006430651,0.094963642,6687.088693,0.06665093386958625,-1.0999137710169473,36,0.0868999188579269
-1.3358176541038531,1.3356811969238465,-0.6885394472709918,-0.3904450610473898,-0.24303523512136743,6938.180790817826,-0.511340290948858,0.08529645688476499,61.759,6.840894320239935,48.9605,-0.38998544734824414,10.1252913,-0.6432594661938346,0.030369903,-61.91608378514192,1004.164705,0.017727042,0.11784226,5520.495455,0.09866258146770449,-0.004976890581649978,29,0.1452690449178964
-0.7656511729862073,1.430296358625983,0.13618873106749896,-0.8914832468115296,1.1906679462859684,-2156.1084400681607,10.002614930171692,-0.08463756540133008,25.3846875,-11.550321628235311,46.8912,-0.23240520331016196,12.17261915,2.4719771094739063,0.022987145,-50.54888781776062,1121.486081,0.005775666,0.114812476,5319.273125,0.22547771186958623,-2.094233681016945,15,1.0374334378379315
-1.2302796395794793,1.5321201206772277,0.14328166632049777,0.7337533663729463,0.004180745446236467,672.8650229318398,34.252614930171696,-0.021800988401330074,38.40714286,-3.7208533682353058,47.8637,0.35489479668983803,12.77897573,1.165579997473906,0.028969021,-60.576574847760625,925.7118071,0.002828762,0.120875905,6692.063989,0.2216973328695863,-1.1428454410169488,15,0.8325737043411207
-1.8589882287076347,1.826216105828529,-0.254301789483197,0.11878922205256814,0.5796946114106423,1472.5745148178253,-4.286340290948858,0.20775731388476498,22.451,-4.1751180197600615,46.0457,0.0033145526517558074,8.423556649,1.866210370806166,0.021213079,-64.80459814514191,1155.637431,0.003617919,0.124395015,2977.570123,0.26465730946770455,-0.42665177058164766,25,0.2737930070292753
-2.1141023686446356,1.4288367254759449,-0.49911169708004866,1.029547877002099,-0.46755036422774165,-4250.685301182174,1.9136597090511427,-0.2573514971152351,103.2092308,-12.832042739760064,46.5035,0.5146145526517557,23.55205352,1.4293715498061659,0.025976123,-71.2533314351419,866.7786641,0.014731814,0.152141014,6147.623912,0.1085578554677045,0.14451315941835075,11,0.41925265609843404
-1.9574966190052578,1.9930045968383574,0.5359456720080679,0.4096466762559615,-0.2835856704316931,-2075.3207850681606,-9.914051739828308,-0.29232530340133006,83.006923080000007,-18.523809008235308,41.7506,0.5090947966898383,19.54090899,1.328152353473906,0.041236079,-37.58295892776063,1131.751286,0.018184322,0.166712234,4647.517459,0.05575820386958634,-1.1672794110169493,17,0.30456580762320656
-1.3008721219269834,1.334021441979258,-0.5169400404429779,0.16487247458415952,-1.520715455870951,39.53344993183936,-4.3473850698283085,0.08352258059866988,37.10619048,-6.00757021823531,46.1895,0.8617947966898383,16.09375014,3.377903923473906,0.036292536,52.166940902239375,1288.438439,0.017626149,0.100413672,12948.28607,-0.3435771681304136,-1.0546789310169482,55,0.09199529076276138
1.051799106468212,0.8799958603406527,-0.27278829887877776,-1.1936825967030569,0.813117363213369,-3472.5804510593903,16.365867892565582,-0.11115628073102975,125.13,-17.021277808887252,48.8102,0.6312317385389211,20.9995435,-2.048707776859345,0.019161852,-79.29304824180822,425.4032202,0.015597803,0.069989351,6799.94353,0.00569283543896185,-0.87938099797350755,14,1.4715146479635381
1.0099409965278296,0.6353529810734692,-0.5242265677850021,-0.5723706922384985,0.5002607674513957,-1620.3619210593904,-8.80079876743442,-0.20223335873102974,37.997,-3.8953043188872503,48.0353,-0.40266826146107837,15.85429615,-0.4227685218593449,0.016653004,-48.872793571808224,969.3757654,0.010743279,0.101758112,10818.11392,0.08371988243896182,-1.2508508779735104,16,0.7165871481291314
1.1701510506244628,1.3751012942258551,-0.010644933645057822,-2.164132481691913,1.4276300544114167,915.1035489406102,-8.41190987743442,-0.09603190273102975,25.04,-3.971894648887252,50.9109,0.041531738538921566,15.24056837,-2.1641387228593447,0.021894128,-81.58106169180822,380.0854237,0.01017994,0.073275004,5797.043931,-0.016040146561038218,-1.0429784879735082,20,0.3184242550987602
1.0646188729894095,0.6787492837250705,-0.448201693801044,-0.5687440466499988,0.5430800446451929,-2349.9779060593905,78.03253456256557,-0.19520837673102973,65.89,-19.97978420888725,48.5681,0.7962317385389212,23.01392893,-1.2711122948593447,0.025429568,-73.99787952180822,483.1240693,0.006512404,0.085799435,7138.838467,-0.02630316256103823,-1.37385609797351,14,0.968241458142808
1.1186336213760835,0.8817710553136814,-0.15780327961608132,-1.174792082177211,0.6399419452628823,207.1142339406095,-5.967465437434418,-0.12755068673102973,42.63117647,-22.60756046888725,45.6722,0.03983173853892153,17.22311319,0.06287647614065525,0.025307062,-64.97564491180822,606.9839222,0.008954029,0.088475469,7718.646331,-0.032274091561038186,-1.2873856879735095,13,0.9407839451994973
1.1898329776720922,0.668227977422939,-0.3111999594052465,-0.7175173501899187,0.6393070399031902,689.6021659406094,-8.39603686743442,0.26371984526897035,13.45916667,-15.000417698887253,49.2809,0.3330317385389212,15.66918152,-1.0633940088593448,0.003322838,-47.55318613180822,1150.580382,0.003251059,0.176827791,6074.656803,0.21851499343896177,-1.5477960679735057,28,0.1267729015763527
1.4924240872308954,1.4374541229865965,0.11750751078351955,-1.6604516905086206,0.3226696022508633,-976.10490978751,44.21004316677613,-0.09068905495171785,16.02,-40.96724479909746,47.5595,0.8444769358605028,14.64848904,-0.38923201019011777,0.015762119,-19.836854797283607,956.2389545,0.001655302,0.107179122,4781.748298,0.133773872089603,-3.552264273626917,42,0.059328371483396064
1.1060354746169898,1.455158200896788,-0.1301429724439302,-2.2236758533441985,1.2734084905423273,604.77454494061,5.232534562565581,-0.09843580873102971,27.61533333,0.15196185111275007,42.1064,0.022931738538921394,15.02106259,-3.8358887918593445,0.031339915,-24.92203651180822,1571.629987,0.008400461,0.143595333,7163.109461,0.21174192143896178,-0.7404501079735101,15,1.0916959298082043
1.0841600216973029,0.7433568450572411,-0.37750192918095493,-0.7338596005793255,-0.2603557124135966,2355.4439939406097,2.8658678925655803,-0.09830752673102967,18.62756757,-14.138743128887251,48.6321,0.17583173853892164,14.68436838,-2.8021846638593444,0.013691398,-37.65144201180822,1337.242784,0.006103534,0.149876902,2993.648385,0.21678628043896178,-2.21585529797351,9,2.6533131354411124
1.0735736726495742,0.6146737580355272,-0.32930986720001765,-0.4264603340688315,-0.6225201690263991,1285.3277959406093,-9.80079876743442,-0.17280366473102973,11.94222222,-6.353595868887249,50.7708,0.8831317385389211,16.8958296,-2.0227483228593455,0.016842399,-54.04614048180822,1017.395497,0.001463986,0.124660155,3629.590954,0.20978105143896178,-1.0419678979735083,11,0.7548416620921974
1.145971347754988,1.1794955293027047,-0.19887558215764878,-1.7559131676518567,0.7714880136713971,9819.29509894061,4.032534562565582,0.11549835326897033,209.1675,-10.77270858888725,46.4879,0.9161317385389215,14.26941646,-3.0436405998593448,0.026539272,212.86636760819178,1465.067391,0.058696258,0.107757332,33922.51293,-0.5211575975610382,-0.9482209479735085,15,1.0700105338584702
1.0848311843506002,0.9180640055613009,-0.3897334457740197,-1.3307717917598947,0.5734534174856964,-3132.13753705939,-2.8563543274344187,-0.24963943973102973,10.84082192,-15.431193918887251,49.2471,0.7897317385389212,12.28176582,-4.106714063859345,0.020085985,-67.87542828180821,770.6508274,0.005671147,0.105945454,6158.982348,0.2287954034389618,0.5316888720264911,17,0.2194612347816193
1.1632824593909588,0.9928888927682474,-0.19590961373892796,-1.4107790962510653,0.7651338455510305,1431.6550249406098,1.7825345625655813,-0.14382730773102972,17.6537037,-1.592979588887248,47.1953,0.5261317385389214,21.37437474,-2.7347379168593444,0.01957005,-41.57841601180822,1227.531503,0.004448609,0.162122194,4637.012192,0.1899752984389618,0.5318925720264912,NA,NA
1.092803974572988,1.3661231037396628,-0.25757323848065483,-1.9213640752175698,1.3521048148180463,-2038.6918070593904,7.699201232565583,0.027129277268970332,48.99357143,-1.4314785088872544,46.8301,0.06453173853892125,14.00850223,-5.803672967859345,0.025724758,-71.74620564180822,605.9492715,0.011611684,0.134349268,4343.919512,0.10169840843896187,-0.8920991979735095,14,5.009752658142538
1.1470885994692852,0.9451640523856665,-0.06796822132825724,-1.1921630154686842,0.4943017106301678,-2226.2742240593902,-5.717465437434418,0.0303875172689703,20.8172,-14.729806848887252,42.5827,0.8976317385389215,21.9855319,-3.274375481859345,0.040726206,58.54396920819178,582.7634671,0.043599088,0.106726717,14785.13358,-0.5754272315610383,-0.682272157973509,28,0.49155779184938087
1.0838125513499253,0.34186763971164646,-0.16127067716366233,-0.22711439746814177,0.6594735653911842,-3456.9699861383237,-8.820075458979417,-0.12427871476373319,84.476,-9.305693883019773,47.744,0.06479926189717228,17.13102385,-3.112457882860088,0.019604414,-93.58343616537988,378.6789333,0.015725421,0.061061408,6927.778134,0.032449327314582145,1.2390932046355425,21,0.681867529541903
0.9744423216397978,0.37497651975980373,-0.31353110299535153,-0.7051332972901994,0.5537469451725867,-237.18922513832348,1.8465912010205836,0.0064567382362668135,48.96777778,1.643384616980227,48.8228,-0.30420073810282794,12.2496134,-4.897829948860088,0.015838059,-91.05113190537988,476.4826189,0.007692029,0.070450648,6631.622859,0.14183987631458214,0.027600354635543414,32,0.11671499397110502
0.8895205344909222,0.38431007662071526,0.050770970749918445,-0.45179499965828007,-1.109213683312663,2394.3672898616765,-2.415313558979417,0.22288165123626683,24.03863636,-2.7130844630197695,48.0381,-0.7582007381028282,13.08865223,-4.401610389860088,0.019533613,-94.05366278537987,470.4403709,0.00478951,0.11586878,3831.267001,0.23351618431458207,0.0553354246355455,44,0.04421966842229716
1.0363317469558768,0.2480327243994638,-0.05345874659930448,-0.10552131690931861,-0.9464807349084103,-3392.2650671383235,2.213257871020584,-0.04954133776373314,13.15315068,14.940357786980229,51.6016,0.37549926189717203,15.4995017,0.7244504581399119,0.019566318,-64.91787454537987,1056.368264,0.007721691,0.104753642,7739.815056,0.2692031583145821,1.3135179446355438,24,0.4758868674003843
1.0506553898681323,0.3578755412986293,0.031085335673897888,-0.19575185266586625,0.10872244482689608,-2511.1334151383235,0.513257871020585,-0.08936801476373311,28.79083333,1.4749375669802296,44.8457,-0.6659007381028279,19.94190516,-1.0306813018600882,0.012373943,-70.88320408537987,852.1737545,0.006568738,0.100547886,9193.358563,0.17637899431458212,-0.5077544053644572,5,1107.4085975239211
0.9262932280053399,0.4151327517716046,0.08795010693478479,-0.13295723861923459,-0.760273722677452,-414.54414213832314,6.8132578710205856,-0.01987956476373319,13.45631579,-10.896086213019771,47.7668,0.35409926189717217,19.16276724,-1.772310672860088,0.01600442,-70.95879841537987,663.1468875,0.004457875,0.122677039,7524.070824,-0.02232045968541787,0.7089396246355457,19,0.30653600477154097
1.0518520701568654,0.42306350809310145,-0.11395139269714467,-0.4885223737213662,0.012870408483433946,3565.7149278616757,17.01325787102059,0.03326458623626684,213.665,1.278451206980228,47.8588,-1.0488007381028277,10.89895036,-2.5003113908600882,0.023908242,487.06083655462004,375.2206885,0.475723465,0.250583513,12740.16345,-0.692838608685418,2.407945054635545,22,0.12436043207613993
0.9066651938082927,0.39509699002644305,-0.08816108671797958,0.3320791336867869,0.5788762163025996,938.0228428616772,5.013257871020585,-0.21610190676373311,31.6704,21.29040442698023,47.2253,1.2526992618971724,22.51503195,10.36064966513991,0.02101779,-22.653699135379874,1763.44829,0.00689606,0.149690855,10195.49752,0.20716670331458206,0.8390287346355458,16,0.35479249203651003
0.9969211659129078,0.3239648467716416,-0.11289872237296074,-0.14893241030238014,-0.7983362995625058,-4019.744002138323,-11.197268444979414,0.05949761223626683,12.11682927,-7.999132073019775,47.9318,0.11089926189717186,12.36634045,-1.632484575860088,0.027432913,-86.26022758537988,621.0261678,0.005630209,0.120012947,5044.555751,0.23973683331458215,0.8557870846355458,32,0.07978145931821733
1.112886684591445,0.8028760525823909,0.15921800887320592,-0.9560694095590798,1.1699532116243432,872.153091861677,-5.558170698979415,0.0623179292362669,52.2305,4.01213828698023,49.5888,-0.04130073810282782,12.75300418,-1.9653305018600882,0.031919714,246.7352430546201,1900.48488,0.040660808,0.12517881,43748.95719,-0.4597669996854179,-0.6845953053644556,16,0.5199448114812993
0.9764034607215556,0.3610922982429746,-0.18265727028484868,-0.0803952683274051,0.5687400240475279,-2566.7575261383236,-10.086742128979417,-0.2676225457637332,38.26827586,-17.26621600301977,46.8366,0.505999261897172,21.3670743,0.41748117313991184,0.022426289,9.614472954620123,2171.443795,0.009221204,0.221526764,7730.11568,0.13505168231458206,-1.9054513953644536,23,0.10569743058648129
0.9691685680124132,0.4025041632490046,-0.20648297429152795,-0.5381151969624802,0.13123227038639299,-3881.2941451383235,12.013257871020585,-0.24470053076373313,114.1727273,-9.350307783019774,44.8839,0.6402992618971721,25.80580129,0.19106905313991188,0.026670111,-67.14345472537987,836.5645408,0.018260601,0.168387427,3625.157632,0.0961923453145821,-0.41401302536445633,8,14.971497423139688
0.7680876167891229,0.90348327987106,-0.2452330323039631,-1.3122710122102792,1.546883269439024,-4510.944733338323,-11.153408795979416,0.10741749323626683,20.73692308,-8.136903953019774,41.7865,0.45989926189717206,16.91193401,-1.619766632860088,0.043939801,221.8543994546201,302.2447202,0.123462893,0.249720989,20281.47928,-0.679214544685418,-0.8218484953644547,13,0.2957598054386711
0.618905984387167,0.4679030284021947,2.4695863328195355,-0.4022282217866926,0.3365583604963137,6175.226453177409,-6.576302032799431,0.07366928236708058,35.89695652,-13.201733376489688,51.7684,0.4960291684641696,13.21106008,-0.3693209388571148,0.033525941,-48.19789873109324,377.7666706,0.007019684,0.067728055,6967.912358,-0.09869447218789912,-0.9417413158006701,39,0.08665528056556698
0.3068320161815857,0.1484904149873873,1.1088069254681008,0.4978042465984206,0.6273230711130172,-1839.6290099979979,-15.7807552836772,-0.05817103903892702,29.78483871,-23.365713283450845,49.2788,-0.4931096685174955,15.14435088,0.25148886680790006,0.016888002,-49.385938110141375,862.9270524,0.011639383,0.100645453,8494.084443,0.10781570442459053,0.6302162233305619,25,0.15327755600230905
0.2402870057060047,0.34868919390136427,1.0525963436640184,-0.02657751667264177,-0.9504856850057872,15781.385753002001,-14.1330280106772,0.18833040396107298,36.60323529,-19.415291293450846,48.0312,-0.7085096685174959,16.23715279,0.45358413780789975,0.030041004,-71.22802525014136,500.6034726,0.00992836,0.065678966,5615.495093,0.13898443542459046,-1.2422622566694397,38,0.05775925487386029
-2.684034964007737,1.7980682873790457,1.23477030380632,1.8160370687616723,2.765574736101346,-1147.3380279979979,7.491971989322801,0.05276399496107302,23.50708333,-13.720812153450849,48.2354,-0.046709668517495834,12.18918557,-0.5898365871921001,0.021073553,-9.340015580141362,1745.054558,0.006067412,0.156305186,2149.928851,0.21372399442459042,-1.4243060166694388,28,0.10304975193434848
0.9686422753075867,0.25834753199051813,-0.0334391340335254,-0.09994702259586576,0.43154204562688603,237.7061771774085,-10.909635362799431,-0.14249029563291937,17.5153125,-3.647433446489689,51.2523,0.7008291684641696,18.05083285,5.631704756142884,0.014198678,1.4908660589067724,1454.519366,0.00365173,0.140112525,6277.444354,0.13809885681210093,0.7623834441993326,8,9.58268397655214
1.098146178860763,0.17933796652341683,0.7759994968801305,-0.09705854025433659,1.2797542835872873,-1366.8768188225915,72.09036463720058,-0.17302239963291938,82.94,20.772322803510317,49.3957,0.3386291684641697,17.77807031,5.309020330142885,0.024258564,-28.619104641093234,816.8639109,0.006979686,0.106003808,5186.877531,0.07302664981210089,-0.12972005580066848,5,-71.1413542777183
0.6741531101465479,0.6212402847791838,1.0269120608563924,-0.3948799748384745,0.14127992811025156,-641.8112208225914,72.09036463720058,-0.12435538463291941,55.64,17.30042140351031,46.4621,0.18472916846416954,12.46766472,1.9777286931428848,0.019815829,147.83300786890678,3454.550137,0.009884396,0.23674265,13550.89957,-0.0493802461878991,0.3489850841993304,9,19.371723291491868
0.32202624898863164,0.045432882673459914,0.7103854150947315,0.8903304036304882,0.5297612335181268,13.990702002002365,10.4919719893228,-0.12844455703892704,16.55414286,16.890668056549156,51.8212,0.29859033148250413,14.88474512,0.44856173580789993,0.026195473,-42.22883446014138,1067.233215,0.008076787,0.124774488,6658.697372,0.17949476842459042,1.4913345433305611,10,2.778224961760969
0.3055458920721615,0.11709663332729595,0.6030050364852079,0.7671284253104748,0.8667838417968149,-1265.818092997998,-11.8830280106772,-0.18355987003892704,10.62272727,7.993435626549152,48.7445,-0.18000966851749559,18.0882573,-0.3580022331921,0.018376199,-61.80721204014137,697.1188044,0.00238632,0.108237606,6199.15348,0.17605864742459051,-0.15825728666944092,10,1.0479158801830466
0.44658767762737606,0.11768802459826447,0.855020362168266,0.6322933746709009,1.1061680298974643,-3391.230129097998,-13.0080280106772,0.03150161296107294,18.6862069,-16.59640630345085,47.1147,-0.38850966851749547,17.84014685,0.6730690058078999,0.035627616,-48.91867426014137,963.7924396,0.005712559,0.18410457,4513.046337,0.20200547542459044,0.6616391133305601,33,0.054817950200222905
0.40284268560812475,0.40749998745056354,0.9000809598714234,-0.0905013633551023,1.301973588005722,-3419.303357797998,-7.3651708706772,-0.31281885703892703,43.09315789,-21.720626263450846,45.8642,0.45799033148250434,20.65311213,2.5283360058079003,0.036429285,-33.803498300141364,1186.595141,0.012894594,0.133818112,5307.259933,0.1491936544245905,-0.7051761566694399,11,0.4809114849418391
0.4472268319734281,0.47070445020508916,0.8821863494672392,-0.46126044602197835,0.9882761752612852,-1295.6999309979979,-14.2139103636772,0.031446269961072956,19.7672,-18.888865023450844,45.5405,0.3043903314825044,18.88553522,3.7886992578079,0.049898005,-1.7839853901413756,248.3889285,0.061462314999999997,0.142076897,6604.169964,-0.6467176445754095,-0.43649748666944,34,0.06688474605696641
0.26895207646626523,0.3972375924967452,1.3840037074914746,0.18879531160529667,-1.6606643964629746,-343.978948997998,-15.0080280106772,0.10668885496107297,18.06606061,-18.328539283450848,42.7684,-0.32440966851749564,20.32632386,1.3265201578079002,0.046466125,157.93470674985863,972.8360071,0.024899557,0.145727619,9628.050576,-0.5839674015754095,-0.4601638666694381,27,0.08803135961328137
1.5597652637204584,-0.39716545251649565,-0.7968305614994646,1.6369047521553457,2.0216889765711525,-2074.6430159366055,-2.715257253919982,-0.05173149234682435,7.833650794,29.315053291985556,50.2095,0.37064892442608705,20.2414485,0.2371022954751448,0.016901424,-5.085390158474523,1577.214676,0.00470319,0.182108673,7119.431634,0.14274114641021912,1.8265549346346308,7,66.11732016112292
1.3755791239137138,-0.08196311659005616,-0.11312617135310897,1.922132137879333,1.7638142580073013,-2566.5886779366056,19.95140941608002,-0.17890839434682437,20.97878049,44.13057871198556,44.6631,-0.21175107557391276,14.9660505,1.5094688194751449,0.018683521,74.28537569152549,2765.150525,0.007699249,0.180832055,14880.28227,0.05587499541021916,1.0366150546346322,14,1.2596618948616156
1.3518368990644882,-0.40531501535705744,-1.075169316206099,2.9932650730076604,2.3770956733643493,-2399.171902936606,74.95140941608001,-0.09635627034682433,29.415,52.06325041198556,46.7352,-0.6893510755739128,13.28352151,4.863618828475145,0.016403419,82.03718569152547,2963.472685,0.005440301,0.187147156,12887.37985,0.07599850641021916,1.7787813446346323,9,342.13301265821735
1.5222828632449554,-0.15425012338261007,-0.2449154598608263,0.7795407949847325,1.4232904848322505,968.2483490633945,74.95140941608001,-0.14707488834682436,25.193,43.75224221198555,50.71528769,-0.3544510755739128,16.40493393,0.9319776884751446,0.017481063,73.26103409152547,2937.020312,0.002353618,0.220834075,9018.586047,0.11474225141021915,0.7817088946346313,9,9.980196009499261
0.30461446349291843,0.6389515400335245,1.9772203109342201,1.3355304369543284,1.1179639806895554,-462.4796558401321,-0.9694746275872077,-0.1653961589735201,49.59583333,17.134478994814195,49.0281,0.029355284766003027,14.42093506,3.1013748418093865,0.032297494,-35.84985354299805,694.5706554,0.008318608,0.128553986,5094.547356,0.03296428867334985,-0.8194885218875436,17,0.2030083803922363
1.3564090484373612,0.2318888310602016,-0.2813611400244283,0.4594158273958117,-0.02065566214057911,-774.15086078751,-17.664956833223876,0.25776070904828213,12.6,8.698054520902541,48.2173,0.05287693586050251,10.72142194,1.4633139288098824,0.01582692,18.122665252716402,1569.017,0.004217215,0.217542696,6622.476917,0.06109628208960296,-1.7745757536269156,23,0.23011432781682367
1.2253981105544178,-0.2521598879539846,-0.6162130818674548,1.1565995363024382,0.19931481377434165,-1254.2339319541463,6.791570151292241,-0.10446460268742518,18.1248,16.272557903289442,49.97481598,-0.22852495927207944,15.78966381,-2.1462185648583536,0.019001546,-36.75105946037934,1054.668742,0.005220447,0.102962832,6909.398779,0.16486522627146807,0.7303945685477528,9,6.362440617241227
0.6650957350771199,0.1453474260715078,0.25013744885868266,0.8190593863239731,-0.7840469491226385,1297.8505039844617,-8.667867275464976,0.12341427262047223,464.5518182,0.2789445778530406,47.67018742,0.05401644778433764,11.88809947,-0.17152109552559858,0.022305858,56.953477037953824,1462.722827,0.084421155,0.099414872,11810.62239,-0.30026449671416056,0.7483032172436821,19,0.5539648453381621
-0.4726616270381495,1.0392442303166307,0.010864729919145832,1.1934230166074977,0.1919504067894626,-2362.9698809541464,-9.426611668707757,-0.05090959268742509,20.58982456,-20.76551404671056,44.2194,-0.6952249592720794,8.184482333,-0.5404650568583539,0.023079763,-43.286783500379336,879.223257,0.010013636,0.1344064,6630.802904,0.11087720127146812,-0.11815005145224569,17,0.2030547391474034
0.891037986101312,0.3491781052981372,0.10153848759017935,0.7211820979597064,-0.4240500294532101,-2333.602556954146,-10.858429848707758,0.005197799312574828,13.91617647,-8.628540886710555,45.2346,-1.137324959272079,8.535640459,-2.8369929678583534,0.015776621,-8.960023070379329,1514.469355,0.003667741,0.156078794,9744.6645810000009,0.12663546327146805,0.9096016385477531,18,0.27160186043310874
0.698972799143156,-0.3229656864373405,-0.3350979320323253,0.5677375741966952,-0.8303348494616937,-1296.5805531821748,7.446993039051141,0.11112897788476499,66.65625,-7.269250419760061,47.6019,-0.5866854473482445,13.5843369,1.1891664568061657,0.025500693,-77.8023331951419,782.0403318,0.00531436,0.142547004,5767.271896,0.13027661246770453,0.09501669941835043,46,0.0625305421204603
0.6822836470655091,-0.3368221576082347,-0.2675858936656724,1.2744664508391195,0.19011327651472412,9358.265200817825,35.11365970905114,0.198085092884765,290.04125,-2.0987500497600617,46.1288,0.012414552651755915,19.05024048,-3.240593431193835,0.02448553,416.626057424858,1661.039622,0.133988359,0.183497582,53001.65024,-0.5518981555322955,0.050130839418353154,25,0.3638951048651476
0.924866438632136,-0.11245640614894689,-0.30104034795068496,1.2153122358227306,-0.2677027430260868,-318.1969980155387,-16.734533942464978,-0.1436445503795278,7.992241379,22.09589808785304,42.08958313,-0.45698355221566206,11.59385484,1.5729791844744014,0.036673891,-58.94209031204619,780.5453365,0.004776268,0.148999373,5066.502904,0.1623687702858394,0.9082801772436837,11,0.5920169659846328
0.8217127439525658,-0.03246067727523799,-0.35710463571990064,1.2237463224704,-0.24026957150454858,-1407.951352971687,-14.804632749495534,-0.09877167802802587,12.9384127,28.584919974593323,48.1824,-0.6929988429702459,13.29468931,-2.9341094041918523,0.031532264,-31.58659583228415,1152.374558,0.008357949,0.142503455,6395.892001,0.13429070113271707,-0.1735005575391241,21,0.18595023927425672
1.2421387056597397,-0.15663754799628912,-0.2401579637838656,1.40575190897208,0.18040534481524365,-1355.635096954146,4.3915701512922425,-0.07174708368742509,32.3448,39.67989430328944,46.6612,-0.5338249592720794,12.88935929,-0.9515392088583539,0.015461345,19.990133179620667,1933.742588,0.009704736,0.1429185,8042.349382,0.07988746927146813,1.4805325785477532,21,0.24719795848208637
1.2171868881607568,-1.1828376007419363,-2.2407345859634953,2.1314511825329885,1.0256912752075422,-3381.7033715716875,13.165064216504469,-0.05478377202802586,20.88414634,55.14032531459333,47.1025,0.10600115702975405,13.36575502,-2.9921650151918517,0.030308981,7.320395167715858,1791.634528,0.006847692,0.150492455,7907.096342,0.10242435013271707,3.816192352460878,21,0.22938322493063254
1.2693831199466887,0.23386198426828922,-0.22735534836402943,0.8915168810589269,0.31736849960942864,-1947.33855678751,71.21004316677612,-0.04632208195171792,19.89454545,25.271850560902546,46.17,-0.38492306413949723,15.68658836,-2.3932670441901176,0.02425412,-26.236188307283605,788.7952854,0.001800862,0.11596443,5162.650056,0.08245866208960298,1.7777561663730848,21,0.24337014934525758
1.0765467484568993,-0.25160134521088656,-0.6719538635780903,1.8670044502979015,-1.4313106969140046,2148.237174045854,-10.775096518707757,-0.09785784668742513,28.1125,33.93375399328945,48.4728,-0.4421249592720795,10.06310977,-2.4884819388583534,0.01930101,-0.6789855703793322,1540.75309,0.014680419,0.13688494,11614.51083,0.058502125271468086,0.2886244685477533,14,0.44478123816614984
0.9356802130157478,-0.8205718287527266,-1.532505520098196,1.202966277838922,-0.00596125003658006,-2960.268466871687,-10.668269113495533,-0.12698490702802587,21.24413043,44.77517052459333,47.7055,-0.5745988429702461,11.7234817,-1.1251055741918525,0.019115964,9.311014167715854,1726.649893,0.011730644,0.167539293,6227.885839,0.05387961813271709,1.4093546624608748,14,1.769058986528995
0.99153849821185,0.02530267611600056,-0.36498184032341846,0.5660584985245259,0.12720382652220052,-406.34521301553843,-10.567867275464977,-0.22399193437952777,27.46714286,18.131061707853046,51.7035,0.38741644778433776,13.81525241,0.3557807884744013,0.014571361,23.541776137953814,1840.051809,0.012727455,0.181612037,9301.074521,-0.021163229714160518,0.4000296672436838,15,0.2436696646397767
0.7736081896521295,0.04611674817444377,-0.03873178900230674,0.8872417230987835,-0.19924083732764944,-2200.809555015539,-15.95022021646498,-0.026789697379527834,8.276956522,8.62937701785304,45.78594874,-0.5294835522156623,14.19160304,-1.0451439895255985,0.028059666,-10.231538732046179,1691.143296,0.006338504,0.169536181,6389.722334,0.17277308928583945,0.6538017172436823,19,0.1281927208199454
-0.4036843520704205,1.247131010417398,0.15706467400763718,0.08677712901111476,-1.6001715430782593,646.5383321423271,-18.38225506837498,-0.08176685931412092,21.37956522,-15.962032163881922,49.6567,-0.05541859893216328,12.06708217,0.56898595547588815,0.011304924,-25.947638284902855,1033.811891,0.005513593,0.081304869,9202.028687,0.16195165953459886,-2.5742807179744194,16,0.24494213196157416
0.3834814099717371,0.838463273573006,-0.3248626444176751,0.14937149504156047,0.1736117400791441,-1356.4270608576721,7.720686107625016,-0.07566194031412093,34.55758621,15.681824006118088,46.3433,-0.4882185989321635,12.13441019,2.685876257475888,0.024127746,62.44447234509713,2718.954476,0.006869276,0.165136177,11389.13986,0.14936923253459886,0.02863554202557801,14,1.9394174981214487
-0.513650666280138,1.2345137977050762,-0.24560883438820624,0.6491608172070487,-1.1417109708789168,-1608.2646088576726,16.970686107625017,-0.07779775331412092,16.08681818,-4.816325903881918,46.6466,0.29728140106783635,22.22734398,2.032355463475888,0.01843422,-21.89138359490285,1089.469844,0.0029151,0.101975805,9801.15725,0.1412200275345988,-0.6648851179744227,11,2.624196643021561
0.3901572870722694,0.8380391245399987,0.04252370749808555,-0.5619474350614009,-1.9509459043167094,-169.5182028576725,27.970686107625017,0.16001168568587903,216.57875,-7.267973573881918,46.9936,0.5899814010678367,12.33492812,1.673251912475888,0.050393996,53.51832684509714,1369.083322,0.021714811,0.042821486,36882.33308,-0.3032561984654012,-1.620921107974423,21,0.2626992199418949
-0.33929215504506616,1.1958003957970356,-0.032504668498309006,0.21970654314217386,-2.2801884844862066,-2243.960925257673,-16.60074246237498,0.004944213685879113,21.13294118,-19.98393833388192,46.3169,-0.3791185989321633,12.84038678,0.9807670284758879,0.024719281,-51.610901764902856,502.5274489,0.004790149,0.085728315,4841.936519,0.10283049753459882,0.02815726202557862,13,0.36469126964405674
0.3618756567045225,0.8228865897733157,-0.13314623997528974,-0.005508089288147416,-0.2747914274065211,5464.773435142327,23.970686107625017,-0.15781588231412091,32.57454545,32.65563383611808,51.1322,0.20578140106783638,12.92897475,2.1264309624758884,0.023881955,-29.970881624902855,906.4968488,0.004842902,0.121027965,6871.111046,0.11110393653459881,-0.22665909797442088,14,3.306605193431115
0.5166095275536606,0.4832272832564128,-0.20561504802858543,-0.6412273085920825,-0.2598809754906719,104.0129911423272,-13.529313892374986,0.12135853068587904,24.10055556,-19.39844677388192,47.148,0.45048140106783635,12.84184617,0.18930796347588777,0.036213921,-44.839847924902855,657.3287988,0.003615017,0.09939765,5747.229901,0.14879735253459878,-2.0159249979744214,14,0.2886842233013595
-0.3740401462367198,1.4784280272602763,0.04611123581029537,0.0011176584819847235,-1.7471859567875023,1994.3814401423272,-0.2793138923749845,0.0639143656858791,33.46833333,-17.330152123881923,47.8306,0.2982814010678367,19.84125003,-0.06690533852411218,0.022268215,-42.92375752490286,682.2320519,0.008917571,0.107712471,5630.143242,0.13204739453459888,-0.8014726379744218,23,0.16268703512841518
0.16205280270301378,-1.1566332734452838,1.5795658337476575,-1.481643942615053,0.7227288186125619,-3267.2295069067686,-4.287947643071088,-0.04430205870922746,77.5775,-24.778698972798903,42.6539,-0.28984661036657916,17.66090985,-0.8790491598588492,0.016402415,-77.40759623609377,341.0004112,0.01006724,0.07267316,5204.620027,-0.015483472144785081,-0.9098684697128762,24,0.15357445914521115
-0.053157000281488544,-1.2062776343756894,2.6331170606407794,-0.4953050425062512,0.3543853904018739,-2987.1107820067687,-6.037947643071088,-0.013046128709227413,50.02222222,3.8517876272010922,48.4057,-0.16034661036657902,14.92108417,-0.6236376208588494,0.032000628,-56.97309165609378,701.4357689,0.007324451,0.117003786,6842.137998,0.050672233855214896,-1.4873826597128785,28,0.23022242390228653
0.05191059804504858,-1.1704174011216526,2.1984511679670447,-1.0895748944759922,0.7676096588120914,-2934.3711850067684,-4.487947643071087,-0.09449844570922741,51.21214286,-7.583038292798902,48.9201,0.18815338963342101,15.54707917,-1.4087702668588493,0.03085695,-81.08754943609377,326.0244037,0.010591826,0.063446797,5180.853558,0.08989666985521494,1.0389807102871236,14,0.26813670608729134
-0.7440941048205131,-1.3733364829468082,2.2781314583102388,-0.9566466091103198,0.26582928200727074,2475.7617139932318,-6.7165190730710895,-0.11270450670922741,33.12785714,-19.811299152798902,46.2916,-0.4434466103665791,17.97811543,0.06572814814115069,0.021970102,-63.23664610609378,555.4134966,0.010754376,0.085891633,6609.135124,-0.010670310144785044,-0.21165755971287603,13,0.20738483660910215
-0.060722314356495784,-1.1308953365589036,2.0559109015758277,-0.7788521727286654,0.9856148065736529,-3502.9880458067687,-12.287947643071089,-0.053337740709227394,14.84076923,-19.639388432798903,45.7506,0.26955338963342096,12.54695241,-1.3659614008588492,0.023668392,-50.91482766609378,951.4920284,0.002606953,0.09010657,9284.666293,0.20738537385521494,-1.9488876297128785,14,0.3632397251506753
-0.1748651558719781,0.2285715889540245,-1.5150038343675334,-0.013494967479524833,0.4184743150188401,-538.2161680681604,-6.830718399828307,-0.21820579240133003,25.68925926,31.07529743176469,51.5029,1.031694796689838,18.34282788,2.683959152473906,0.012903799,149.94520350223934,4529.91083,0.007184482,0.213965181,13272.75455,0.14015447586958632,2.8390569489830533,10,9.241531601854442
-0.18908473192103814,0.39499678953914635,-1.2569929847945673,0.1611310993043864,0.633433103321225,-2643.3281940681604,-2.3473850698283085,-0.24772765940133007,22.40130435,21.949382991764683,51.2812,1.1287947966898382,16.2607635,3.6043724654739067,0.013704919,-40.997346777760626,1160.052204,0.008407893,0.112505879,6009.758666,0.11737696186958628,1.991958328983053,5,254.78964875628807
-0.2478302161781865,0.9089803518136499,-0.2484362473171386,0.5858299193178007,0.08098158343115086,-1511.5907530681604,-16.614051736828305,-0.03731228440133009,8.52530303,2.4280026717646925,49.7611,0.14269479668983825,17.30347394,0.2930596754739059,0.019626189,-70.12758509776062,741.866333,0.004211112,0.108103833,5253.502153,0.21971616486958626,3.6497242989830525,8,14.343110603274573
-0.21699729968663362,0.9478306296215779,-0.2955034608948391,0.45268916906153756,0.4523188222117212,-63.444287068160804,-0.1362739598283078,-0.046265596401330135,8.090229885,1.7609550317646927,48.2555,-0.41040520331016184,20.34089574,0.31452187747390603,0.025789036,-69.84140923776062,742.0620898,0.00647404,0.086353771,2720.801406,0.21289173686958632,2.985160158983053,11,2.2229468360523583
-0.21568536404795638,0.7896765805684398,-0.599927809912015,0.41367990108216113,0.2391455889095235,-2432.9839530681606,17.585948260171698,-0.11770067440133006,18.32804878,-3.3676610582353086,47.7668,0.577594796689838,31.66867602,2.4853819054739064,0.015564154,-67.20416605776062,755.2296738,0.008247937,0.094169715,4505.963673,0.16821758986958626,2.5510685889830533,9,909.1937662265207
0.9651777841093878,-0.2179333871697652,-1.727050951355225,0.5047312072785274,-0.07810406619482037,-996.1980329102946,-11.890649866738316,-0.032902902335923176,21.05571429,39.12632159002973,46.0611,-0.3817402500266631,11.28035191,1.0178170334753927,0.032923567,-53.55233805061731,629.1909129,0.005833331,0.086087272,5114.161113,0.1609863511183457,1.2082541837649472,11,1.627618823479741
1.2317522728113237,-0.2820112360779202,-0.49044687321042857,0.5495120338052417,0.7396085059977435,-1960.1721249102948,44.291168313261686,-0.11295616333592322,33.74666667,13.696827450029732,51.9195,0.0706597499733368,21.34417505,3.0710173974753925,0.015929431,47.87063430938268,2568.734465,0.001567896,0.177156399,12470.61238,0.1636005631183457,1.9564250337649447,9,5.480037257279104
1.2237818542067564,-0.1902846053927247,-1.1545200289752433,1.3393471906847878,0.2364653488891444,-1856.5061529102945,-20.083831686738314,-0.0512739653359232,10.79115385,35.47028034002973,43.0226,-0.9421402500266631,14.48454989,-6.126592289524607,0.018663197,-10.737536410617302,1438.326317,0.00234265,0.162001431,5472.994701,0.15647834011834572,0.9730011137649448,23,0.2376937627137319
0.34007844176661484,0.6581903513321745,-0.9622924785309545,0.6304246088281031,0.4700670793130561,-2268.0061549102948,-14.565974546738316,0.07431322766407679,79.39125,19.471758390029738,47.1177,0.3335597499733369,12.8789073,1.3467939034753926,0.025223106,36.0980884093827,834.8903189,0.049343728,0.10543504,16663.64572,-0.46286390288165424,1.0162814437649466,7,46.9314484470627
0.4657764761581526,-0.5503496742574574,-1.7999815501369212,1.3618959835081053,-0.7726598269066834,4079.465596800284,33.553820444263366,0.11383394154416415,162.7346154,42.35810706154382,41.7288,-1.020659331046411,16.48457729,-4.055421583527333,0.024196976,261.38009451295324,2187.298248,0.050860436,0.142013937,26337.81465,-0.4152211966710465,2.386627933331473,16,0.34164625914952523
0.8227774035601891,0.55295308132087,-0.6444610519294698,0.4570787051350195,-1.4078815025235187,1482.0897270897053,1.791168313261685,0.20141448266407683,111.8242857,-0.9721844799702717,46.7866,-0.10974025002666288,21.45116345,-0.8539372795246076,0.020177998,214.1603210093827,1414.20908,0.033982865,0.102837472,40536.45815,-0.5699915578816543,0.06922303376494614,25,0.25734551471596046
-0.05179996241105547,-0.20574549588322422,-1.863605557317324,0.19369914376521918,-0.7779777854234052,-3598.214460199715,-7.346179555736636,0.17760656054416415,25.59923077,9.397879281543824,48.0268,-0.6835593310464111,10.23575322,-0.18097322752733294,0.025728046,-78.12315756704672,961.7688447,0.004315727,0.09546015,7785.826318,0.28427482232895346,0.39969182333147457,35,0.07848986917981872
1.3607715928705528,-0.3235100232918909,-1.6066906521510407,1.175383232920194,0.6042379663986767,-2766.868884310295,-14.423117396738316,-0.05711126833592316,23.00769231,49.07761971002974,49.508,-0.318340250026663,8.354654429,0.9926083214753924,0.030711999,-27.276145320617307,1066.4198,0.010386312,0.146054375,5607.808434,0.10647016511834576,1.4252665837649452,16,0.3307615473000919
1.4955591084248776,-0.026442278312234967,-1.4103784896123277,2.337533587851473,1.194682624522855,-2775.105459557673,-16.69598056237498,-0.05374929031412095,21.01179487,69.75827780611807,51.6177,-1.0073185989321634,14.52372841,-3.2665193005241115,0.031844478,-1.1643599749028581,1451.477746,0.007336503,0.184289918,6166.485694,0.11971195753459883,-0.06956620797442319,16,0.3482431878395217
0.8910908303483209,-0.23399435354865672,-1.8460933645501032,1.1723633522520973,-1.8618260167624632,-2856.159632610295,-4.542165016738314,-0.05570291333592324,19.19083333,45.315764810029734,45.9704,-0.572640250026663,10.51968927,-2.7425258025246078,0.018709899,71.7585145093827,2861.040005,0.010839239,0.226234423,7694.718769,0.11081153711834571,2.893854463764946,16,0.2379944199971615
1.195450862402715,-0.22012896741106067,-1.4230308079664185,1.3039824789914907,0.3067498884344152,-2313.2712799102947,34.291168313261686,-0.07375521133592321,29.28866667,52.523192410029736,45.596,-0.6922402500266631,14.30173975,-4.921167026524608,0.018860825,45.3213208093827,2240.595771,0.006034813,0.215011936,5528.664858,0.05570051411834567,1.7840267337649471,24,0.08302462799669029
0.9941038874986248,-0.13287598788098096,-1.234570234026918,0.7443570655890639,-0.10910669075056725,-2139.7465228576725,-2.7435996023749833,-0.030577455314120976,21.42615385,38.79439920611808,44.4823,-0.7992185989321635,10.77623727,0.4016789504758881,0.020342008,112.99533294509715,3254.935168,0.017696201,0.214940577,11065.83773,0.033957273534598854,-0.140507447974423,12,0.4436197294192009
0.8939283115986778,-0.381640033311261,-1.0229770564123797,0.7710104715734559,-0.008918256783975821,-1899.762534910295,74.29116831326168,-0.1535619233359232,69.21125,32.12719569002974,48.6124,-0.7346402500266631,12.06031804,-6.134851681524609,0.020921544,15.33314770938269,1382.005289,0.008651348,0.156717479,9865.198375,-0.11879722288165426,-0.14826742623505434,6,781.0565460185092
1.4642979140110322,-0.06822174929136207,-1.189576306538446,1.4094236849536528,0.9583481009200436,-1355.4259348576725,-18.154313892374983,-0.042585451314120885,9.41625,52.797566706118076,50.1498,-0.32791859893216363,15.65506399,-5.792680017524113,0.02351324,-20.977755494902855,1079.73367,0.005789058,0.16718394,5541.439568,0.11742447753459882,1.422543092025576,10,2.7386100634900865
0.3747378917723706,0.6576607554489144,-0.6676840342314129,0.5244745543190116,0.40501018252831084,-2461.083860910295,-18.523646501738316,0.11302629266407684,6.71375,8.093743170029727,42.2933,-0.5838402500266631,35.87363666,1.9018272054753926,0.019223962,-60.5500442806173,483.5462887,0.008617938,0.099967215,3727.111826,0.13690993611834568,1.042783373764945,23,0.24621127710864024
0.5299240817708464,-0.5956069159303076,-1.9842026260073296,1.2515085543166897,-0.2290915238823369,-1443.562247199715,-5.446179555736634,0.08131816154416416,45.641,56.497859841543814,47.2699,-0.9885593310464108,12.50677356,-4.404773199527333,0.020856799,156.33705371295324,1116.246026,0.17547022,0.132914815,26458.83467,-0.5013795586710466,3.3003778633314744,17,0.802267995040883
-0.44778919883130186,1.4851271700628044,0.3633994729014979,0.6115337853963843,-0.7652450936177291,-320.7508980155386,-11.623422835464977,-0.045242292379527795,34.73176471,3.0128493078530396,47.724,-0.5871835522156624,11.12472539,0.6411844974744014,0.027099646,-53.68590869204619,776.4739959,0.007290143,0.102123009,6088.55283,0.05566947428583946,1.0714442372436834,17,0.318653219280034
-0.7431171656574996,1.5022550990878052,1.332905807606672,-0.20273485380844591,-0.958031979279357,3570.123109984461,10.932132724535023,-0.07878251437952774,29.918125,-3.795213942146964,49.0639,0.3315164477843379,11.75829897,3.122903531474402,0.027554482,-32.57469654204619,1322.058848,0.004441001,0.100252056,12149.94623,0.2056994452858394,0.0890038272436846,13,2.722886063166408
0.47877314922045827,0.9202844324822589,0.30877437981150396,0.4173573967275852,-0.18845721115411024,6368.256648984461,28.932132724535023,0.1384136426204722,211.276,17.58041582785304,42.2868,-0.1591835522156624,12.29946254,0.9963171964744012,0.035277871,196.1902977379538,1779.750534,0.029532526,0.108105963,44428.59413,-0.46578935071416055,0.05145522724368366,15,1.4684627997852244
-0.7687149115622478,1.556324436596701,-0.21686392585453262,-0.46291764184096895,-0.44677732652243596,-1345.2726740155385,-12.817867275464977,0.1085856126204722,14.44153846,-23.59821374214696,45.3207,-0.0994835522156621,9.476248129,0.6808004864744015,0.030860449,-53.52655949204619,922.7760453,0.003307927,0.061369374,7777.760832,0.20802363428583948,-1.907706532756317,41,0.09567865674727455
0.42133420630191537,1.0584338885454068,0.3036826472287287,0.24463823604683083,-0.35874258092779376,835.602170984461,-2.0678672754649767,-0.1460942423795278,19.33416667,14.242883147853044,47.9186,0.4554164477843378,11.98051167,5.632134357474401,0.016727123,37.753313037953824,2363.753229,0.005521454,0.172957992,9652.023355,0.09387123128583941,0.635916967243682,15,0.732742201075353
0.353051742985778,1.1239618830692741,0.7948342106360604,0.7680527932738491,-0.5716407305388046,9542.68292898446,-5.317867275464977,0.0351041956204722,115.2773333,2.192441357853036,45.62689027,0.18391644778433777,12.28988589,1.8933757264744018,0.058033351,17.985975437953822,828.0383301,0.036463248,0.078685204,14268.49828,-0.4174647617141606,-0.45204087275631594,15,0.597313695902597
-0.30643517637230117,1.2868810088174558,0.7383748891427396,-0.38564323072862183,-0.4334846524377275,1123.3567169844614,27.932132724535023,0.08671437062047219,79.18722222,-6.232471802146959,42.7476,0.31871644778433755,12.99780495,1.8058682564744013,0.027698803,20.731100837953814,997.2995912,0.028673135,0.104143077,15695.43313,-0.3548966907141606,0.3977152972436832,20,0.5310240869864381
-0.22375404601833648,-0.18373905478959393,0.5793691474523415,-0.07541680309985549,0.30354052054788844,-2276.772790085701,-15.557224334616086,-0.05842748474193088,35.66130435,-17.442485816931423,47.43,-0.06797908700832817,13.29421935,3.5121801041404077,0.022098517,-79.12383292966544,632.5679962,0.004671933,0.058749125,7136.87314,0.24898064873083517,-1.6796232571038245,39,0.07484525550401465
-0.446786485886423,0.06415148525595646,1.5272213608092164,-0.23851402966271024,-0.9263887564071461,14287.366892914297,-14.761769789616082,0.04936199125806912,16.29837838,-14.521023406931425,45.2949,0.38202091299167157,15.75845406,3.0765320561404077,0.022404663,-66.95333281966543,849.3419993,0.004375987,0.075963646,7034.566095,0.22555791573083522,-0.9468556171038258,25,0.09657275591038385
0.0733171563565006,-0.6673669824613551,0.3250109895906286,0.2154689893165505,0.16956041925249987,-462.3520150857007,28.692775665383916,-0.16611571274193085,25.37047619,13.682730353068573,47.0431,-0.5648790870083283,14.34493841,-0.1316971518595927,0.035111186,-67.59945329966544,853.1394527,0.005039662,0.09670156,1988.891379,0.24420459173083525,-0.3796852871038261,21,0.15026040111538094
0.16291203049432917,-0.6203920546254982,0.24624469116878833,0.27340954164021075,0.633736083010555,1632.256385914299,-9.307224334616084,0.08755102625806915,104.9993333,-5.744710976931426,47.02697815,-0.2785790870083285,10.43907836,0.03251503714040746,0.030540505,543.0631142903346,867.889227,0.156807182,0.237777342,11737.59681,-0.6764896082691648,0.2808674628961747,23,0.10277575480472617
0.11128419059483187,-0.6500177111095675,0.412201237076649,1.015440419225393,-0.2182654063213268,134.56941691429847,-8.932224334616084,-0.15891980674193082,10.75842105,37.566701063068585,51.3466,0.11842091299167173,11.54947823,-0.8943973658595927,0.02611746,-27.322939359665433,1577.522765,0.00526215,0.1946339,5353.99708,0.20967045173083526,0.15865906289617665,15,0.44204276770662404
-0.006931950843654668,-0.44409839354195224,0.8789317517589437,0.31164485706910183,0.1190378487805888,-3373.772158085701,-8.592938624616083,-0.26640170674193087,101.005,-8.862633176931421,45.67670043,0.2436209129916717,16.51678261,2.9397421651404074,0.018935985,-39.89589058966544,1200.76859,0.027512347,0.184413677,4601.402015,0.10924946573083523,-0.08569251710382336,15,0.44043053615201677
-0.41961374454329853,-0.04762730597397654,0.9211039034479533,0.33063181464678787,-0.04975715517195405,-1454.3909900857009,-8.557224334616084,0.07104281625806913,31.6473913,-10.583830196931428,43.2108,0.5658209129916717,12.85012864,6.936382253140407,0.028158498,170.31348899033455,175.4719295,0.137275099,0.278173319,13393.43685,-0.7123066422691647,-1.734775537103826,14,0.2993219572117149
-0.9953298493060361,-0.16909740723356925,1.102156690157095,0.034613229407341795,0.08270990008099703,203.41402897569083,-12.547786907858866,-0.029923764049828147,35.92228571,3.6316953885049803,50.0782,-0.4603204940647456,15.86616851,1.6220989498076521,0.015621651,-43.59104547799859,922.8193806,0.015907411,0.096989452,9490.82384,0.02659503271646391,-1.0344996057997562,21,0.9949527240409334
0.10987116322007608,-0.936069484919623,-0.1510302331070542,-1.319801366500414,-0.30043977649251935,8843.38375697569,-11.570009127858867,0.15381802795017183,43.366,-12.345144711495024,48.8333,-0.3432204940647454,15.79577958,-2.3955521931923474,0.020691363,-53.15163638799859,741.3845378,0.006457711,0.110107918,7146.942336,-0.006703390283536056,-1.3488263857997544,52,0.046651236832060565
0.02587665917299148,-0.7129367207626275,0.6601906963640375,-0.5105544246201386,-0.0075882226635508344,1330.5908189756913,-0.047786907858864414,0.08958866495017177,69.32666667,-7.7445620514950235,49.5241,0.10707950593525453,17.10596603,3.850122419807653,0.016408853,270.8616870320014,1252.178412,0.069249752,0.162395096,31725.51322,-0.596267072283536,-1.7337660357997577,24,0.12057412257487478
-0.4171065830642226,-0.5917814338019833,0.8913721990306176,-0.03146959602475144,-2.2272425089014365,-164.85332302430902,-4.514453577858866,0.04298670995017179,30.92833333,-3.443112351495017,48.139,-0.5435204940647453,18.72493223,1.9141902578076526,0.032758684,-67.02281228799859,555.5703449,0.005231571,0.170074385,3501.673905,0.02351708071646386,-1.2536744857997533,29,0.27880609400678674
-0.5985388695973876,-0.8028086819450032,-0.0023519287485844753,0.201115037901395,0.6418466324915433,-2735.054004155864,-2.046581393767192,0.03372355489566614,25.61142857,-6.163956301715887,48.64664335,-0.23867462180099458,12.22236199,-0.4317463601935868,0.025391652,-92.5751657772847,506.6910323,0.004461038,0.081732591,5167.323283,0.1723076521758311,-1.1921034114513334,15,0.29896986642825846
-1.9685149235692143,-0.881918307998633,-0.3533623935741975,0.9105127242117131,0.14738906430314297,3121.0351908441367,8.786751936232806,0.11588683889566609,90.88230769,3.072492608284113,48.2345,-0.42427462180099457,11.76196729,-1.2319099631935864,0.03273155,-93.69366305728468,442.7450607,0.01352246,0.069837868,3824.6964,0.0911830611758311,0.40325562854866814,25,0.39426180377423387
-0.8007457344436694,-0.7071953185489006,0.22389416125403985,-0.4546950301952986,0.8572571559008664,7871.377276844136,1.1200852762328095,0.1289147268956661,27.15583333,11.886242708284113,47.1215,0.38412537819900566,11.41227151,0.24231020780641335,0.019442089,-71.02976024728468,947.3615729,0.002578876,0.161745537,5469.907828,0.2369154721758311,-0.49136809145133387,33,0.08553481948983165
-0.579446824788053,-1.0098791384255528,0.16660172511952134,1.0499654840872343,-0.7610167791501088,-3297.4830061558637,8.310561466232807,-0.08292014310433393,17.6074359,12.44904495828411,52.5132,0.6160253781990056,13.7927638,1.8316000808064137,0.016823818,6.590347742715305,2491.663707,0.007940781,0.164201703,10639.80353,0.2723730891758311,-0.8829446214513321,14,1.6614994447303328
-0.7743558996370123,-0.7283524635417102,-0.020765032710966483,1.6059133368474292,0.29218898120223485,226.88592984413623,1.703418606232808,0.19352211389566612,180.8075,23.424110148284115,42.41369301,-0.4238746218009946,10.72557439,2.9208499828064136,0.035862697,72.85622494271531,426.4359286,0.04926356,0.136961691,22433.89582,-0.606111986824169,1.240176178548667,19,0.5482427875759674
-0.2953281669130121,-1.124572481598487,-0.10835469743998251,0.223972241985049,0.5684779983429633,1086.751189844136,4.203418606232808,0.09675983389566611,181.525,7.992839968284114,45.9979,-0.7171746218009946,12.16012383,1.3347624238064133,0.0197133,62.396050442715314,635.7115585,0.124465007,0.105243419,15597.69673,-0.541822730824169,0.14149613854866883,17,0.8354010594409641
-1.118213815798598,-0.9685398902226092,0.1860049964821903,0.664473151170502,-0.1737388853557059,-4216.7162493558635,-12.196581393767195,0.09732333889566613,10.96811321,0.17681939828411464,46.3181,-0.5747746218009947,12.50170844,-0.6394298851935866,0.030781939,-84.58368072728469,642.8525226,0.008195105,0.137526201,4897.287327,0.16747344117583107,0.17204972854866551,17,0.24822539149955253
-0.5478763449701759,-0.6421026759880233,0.20082090181851167,0.7575563395027485,0.20435987612854364,-3696.448329155864,12.620085276232805,0.009976375895666134,28.26456522,-19.968645641715888,46.2508,1.0663253781990054,16.80776001,4.933750847806413,0.024209069,-77.69522178728468,830.5111221,0.013293901,0.135593139,5213.795029,0.24632027617583108,-0.1206019414513324,15,0.46377377242735174
-0.2237093947077084,-0.856907886095295,0.22982833970141972,0.8072920101397858,0.704726146762619,-991.8412361558635,-4.963248063767192,-0.008352366104333875,12.450625,4.839053498284114,45.2689,0.06242537819900532,16.15643672,3.6814219458064135,0.02644009,-79.02830541728468,775.2263204,0.008101988,0.119855481,6235.330141,0.2103439101758311,-0.11074690145133448,14,0.5173841855433897
-0.3878255793144285,-0.8442332443230376,0.1717142963875025,1.044825654134421,0.2716323371266993,-4533.9770905558635,-6.479914723767192,0.08946144289566604,6.41119403,23.03071851828411,44.9661,0.34152537819900547,13.00166331,7.858262499806413,NA,NA,NA,NA,NA,NA,NA,1.439709568548666,15,0.4291051243955927
-0.5312908104711895,-0.8687851909867204,-0.10234628667008573,1.3846600500539048,0.2647488858010613,-3260.276677155864,-12.796581393767193,0.010365635895666081,8.947721519,18.494687338284116,46.00572255,0.03302537819900545,13.86416913,3.139690462806414,0.018469937,133.24597504271532,806.9089015,0.006469023,0.136116025,6346.789243,-0.5789977808241691,1.2155008085486663,20,0.21622472496337924
-0.834752137581974,-1.0150581560652059,0.6073020111854954,0.0643285304094591,0.5216025106477261,-257.49180515586374,4.1200852762328095,0.08184965389566612,82.00583333,5.33328471828411,47.855,0.07072537819900551,14.11047525,2.7773223798064137,0.022901618,-96.15854396728469,694.5501322,0.076917558,0.129001728,24874.72704,0.20848289717583102,-0.6482046314513343,32,0.1628583717104158
-0.713390386256299,-1.102925134276795,0.05512864388566108,-0.07289468408482788,0.11162653142295563,-3887.2013341558636,-7.713248063767192,-0.3633128421043339,101.5125,-11.486924901715886,43.7538,1.0044253781990053,21.35698182,2.2338549098064138,0.036481546,-30.477349762760078,1272.28175,0.023821633,0.174376482,6540.531623,-0.10006447317352771,-0.7640963614513321,11,1.187689756329197
-2.481390764062307,0.3819629926086776,0.6776716263018646,1.6009197828364168,1.1426748272424918,-1190.1567318839834,-17.744072789556647,-0.08188973032502203,97.33210526,-28.644606361926094,47.7417,0.11567057552058674,15.10301783,-1.50827545152436,0.014167614,-60.31017242276008,739.2351391,0.020037641,0.10331998,9082.820518,-0.02765426917352775,-0.2975625271047382,23,0.47819885334988177
-0.9721210205066942,-0.8282975164345828,-0.7589333639096055,-1.1939100653972328,0.7800483231995311,-2234.530063883984,-14.36907278955665,-0.12049649132502208,37.0525,-41.117449311926094,45.364,-0.09012942447941324,19.73679728,-0.3070420645243597,0.033303745,-27.81003404276008,456.731319,0.007149964,0.086590748,6078.410193,0.12297239582647225,0.4664126228952621,14,0.2193717394968446
-1.8304170142501677,-0.3319181776944998,-0.6674453172472972,-0.2961918154754192,0.3510083675441424,-1166.5939648839835,-14.36907278955665,0.17856917667497796,15.65272727,-9.401267391926094,49.5186,-0.089129424479413355,16.46846533,-1.4557981865243597,0.015670779,179.2977946272399,1017.819782,0.006378197,0.189091374,5573.753931,-0.7678456131735278,0.047389792895262683,27,0.10355593169882318
-0.558202962510364,-0.8149285877112579,-0.15481398587161893,-0.8627492565688808,0.3765565472230227,9557.800819116017,30.630927210443357,0.1437533726749779,124.1833333,-18.688549021926093,45.8634,-0.16172942447941335,12.68218295,-1.8589982405243597,0.035119219,39.93132872723991,264.8873745,0.121581139,0.134676165,24447.84897,-0.3688869011735277,-0.7725724371047389,48,0.05912260746519479
0.03720713414195147,-0.8942905296473577,-0.020958069279160232,-1.8899116747911497,0.47224493658047223,1246.1296151160168,29.630927210443353,0.1405973276749779,378.5575,-10.821623441926096,46.5314,-0.07412942447941323,10.5809721,19.22266431647564,0.036081533,-37.992124772760086,1085.643539,0.0322013,0.09784763,16686.64227,0.1285898408264723,-0.04082126710473988,51,0.06090605673071941
-0.23960823107687526,-0.5468098859505407,0.23577531190905132,-1.9797555790753671,-0.30685827792327486,3198.283282116016,-8.202406119556649,0.1762800496749779,46.05529412,-34.3243362319261,47.8566,-0.14092942447941342,12.06562126,-1.8059249295243593,0.01525784,-48.507359872760084,834.3781824,0.007008403,0.144781792,5363.196303,0.15811915082647232,-2.1586000471047386,44,0.06733917096596691
-1.515231030960581,0.004744223392235215,-0.8333247606205626,-1.3291684725066062,0.4600880892578034,145.83339211601646,-17.102406122556648,0.1315035926749779,29.98761905,-19.410295161926093,46.0789,-0.09282942447941317,12.10064587,-0.8795318025243596,0.028730332,15.271910397239918,658.5643062,0.006055371,0.06963652,7139.221495,0.09767762882647227,-0.534556307104737,28,0.187618666006121
0.2622234879400324,-1.6395919511456418,-1.2186500504786926,-0.3405185648164915,0.2665180988434319,-2515.5105597839843,-12.86907278955665,-0.08610656032502209,23.41222222,12.573667818073911,48.2765,-0.7507294244794134,13.73069409,-1.60942367452436,0.021463363,54.53936852723992,1766.190653,0.005696518,0.183575284,6277.424757,0.07599336682647231,0.14691334289526337,12,0.6980938451372497
-0.003442471225544896,-1.2470102141858088,-1.7137323099537585,-0.7199292949085943,0.8098043103181022,-2133.0742278839834,-17.302406122556647,-0.15900069932502203,19.35,25.451517898073902,51.4427,-0.5135294244794132,16.41154998,-0.66073039952436,0.020871131,-1.485247582760084,2414.719507,0.013143257,0.203780132,8744.632061,0.12309609882647234,2.355769922895262,12,0.8643910858380981
0.3168075925307388,-1.6117830682399088,-1.1411049978439785,-0.6194712620651018,0.34570126081474606,1171.2159861160162,-15.976215649556648,-0.06153454732502208,7.1044,50.668332008073904,49.2153,-0.7624294244794134,16.3078055,-1.4247855565243595,0.032259373,-48.03758963276008,1505.071393,0.011956591,0.186749153,6839.965504,0.09405993782647229,2.4190989328952623,13,0.5067211491824642
-1.141089014294986,-0.43044421279092737,-0.9802208281350994,-0.9722012454764692,-0.18078542414195484,1628.4929051160161,-14.46907278955665,-0.0639246213250221,9.935233645,-5.196272561926097,46.8851,0.16537057552058682,25.85181099,-1.5156717675243594,0.026744414,-40.65769480276008,623.8280112,0.012626716,0.12364765,3564.189703,0.10823611182647233,3.0998781228952614,35,0.1067254978025327
-0.5064445210603082,-1.1257791935084474,-0.9674696875461185,-0.8125832384491498,0.6183823390263326,-2251.9152818839843,-15.282116269556651,-0.05925985432502203,8.817862069,6.621980098073902,47.6108,-0.5326294244794134,34.33008154,-3.2564139745243597,0.029811023,-34.349107752760084,767.9157159,0.014807586,0.129440001,5175.862358,0.1254075968264723,3.2881544128952624,13,0.5695547278658148
-0.20488847591862527,-1.5838655166853695,-1.49696458184314,-0.552818108156003,0.5911286723185695,-2194.741001883984,3.297593880443352,0.16520438367497792,60.52416667,28.42234153807391,48.5066,0.026070575520586843,13.91289113,-0.6942921535243599,0.043763508,-43.46699890276009,1422.195377,0.023712089,0.074760158,9938.137835,-0.24373612917352772,1.6351795628952632,13,1.8865008000614232
-0.18204564443237045,-0.6909102505349497,-1.207011871371046,-0.3772318106397147,1.3846995765195196,-1344.8919168839836,3.297593880443352,0.128934674674978,80.9925,59.36773220807391,51.7926,0.017870575520586858,22.7124279,-0.3742989915243596,0.050096176,-48.54636312276008,444.7695625,0.022320379,0.154592509,4047.473982,-0.12456766317352772,4.005045962895263,16,0.467757286130709
-0.9563297059128432,-0.3557098584528746,-0.9709245161745753,-0.299885586896059,1.2598081305563762,-2109.604280883984,40.63092721044335,0.10428725167497796,124.5983333,34.418044878073914,42.4915,-0.5058294244794134,26.38676925,-1.8998546025243601,0.027291869,-43.400338822760084,467.5663812,0.02403185,0.145953412,3225.000247,0.11259992482647233,2.9547701628952607,13,1.0076386778911688
-1.0922266999847356,-0.22010209741839978,0.34943252932427127,-0.3487033990119965,1.2009730157676437,-2939.592733183984,-14.813517229556652,-0.22341343732502206,54.848,-28.67729776192609,44.2884,0.48937057552058666,18.86659737,0.10072656647564043,0.032023667,205.01395692723992,721.3434268,0.017719482,0.147021003,2986.7528,-0.6567844901735278,-0.5542871471047381,14,0.307314144974349
-0.4759104192212125,-1.4091436843629224,-1.0385937371931477,-1.6294559668017345,-0.43540847863766646,-1697.6443609629164,-9.588349481101647,0.17695606564227448,27.11833333,-4.894358416058617,50.098,-0.4229619011211626,15.42495751,-1.5649118135251032,0.019521202,-59.33456677633175,810.0713854,0.009036508,0.12551605,5955.83138,0.17673672370209254,1.1479015055043142,38,0.16488857292279718
-0.042986852337005416,-1.404938609392267,0.2655635590804443,-1.9190806911106086,-2.290497128641661,677.2768060370836,-10.657580251101647,0.2601342616422745,25.35333333,-4.304081776058618,49.4272,-0.11626190112116289,16.14889293,-1.4474510295251029,0.009502678,-36.66632305633174,1102.830837,0.00781946,0.161239716,5399.399528,0.16830979170209254,-0.5975318444956849,51,0.07869798119358332
-0.07001691052167122,-1.3393357841648545,0.22855803279110784,-1.672260085052599,0.10246873908165355,-1999.5067299629163,-13.888349481101647,0.1583735906422745,18.616764710000002,-22.53501402605861,48.6416,-0.6971619011211627,12.06376036,-4.191660661525104,0.024097777,0.7950123536682652,1606.920165,0.002501863,0.12446019999999999,7261.090854,0.16481293870209252,-0.13967784449568382,19,0.5875504724554967
-0.2053133968806396,-1.220734135027061,-0.5165523643467138,-1.5094456969421606,-0.010086304522938553,-2225.8138429629166,-7.943905041101645,-0.21646161735772548,25.38472222,18.996024083941393,52.1131,0.8744380988788374,18.72678309,-0.9876177885251028,0.019690743,0.3773330336682603,1778.223725,0.015326148,0.135726563,10484.40729,0.17972787970209253,0.7462032755043132,21,0.144629989567601
-0.7068639347938142,-1.9642504082461536,-1.4440312320645579,-1.0277773665918333,-0.2965389714265091,62.86651403708356,-5.166127261101646,-0.026179617357725483,10.62724138,4.667848413941384,49.5655,0.5112380988788374,24.97578579,-2.654207697525103,0.021166351,-59.45171836633175,570.9240481,0.008092113,0.09870045,4701.045194,0.17228838070209257,3.204121745504316,16,0.3694663566081349
-0.30595557808327717,-1.4973549413664562,-0.7270565818138162,-1.0340270253919406,-1.385192913403582,-1922.2609879629165,-17.433804026101647,0.10649079464227447,9.505483871,-8.497200786058615,43.5688,0.2207380988788373,14.78280276,-2.9479968745251037,0.02499874,-71.17837997633174,653.9982345,0.004048609,0.107593886,4678.094025,0.11255717970209252,0.8192855455043137,25,0.1929168308523219
-1.7764690682881834,-1.5504907861350286,-1.3010571546066707,-0.0952652281524674,-0.6419750959676347,-1585.3484979629166,-16.513349481101645,0.08971546264227444,8.701666667,16.137169073941394,49.0766,0.6952380988788371,19.40119266,-3.271729288525103,0.030861077,-37.19920581633174,405.6160418,0.003654508,0.079721325,4880.961265,0.10163330270209255,2.603895995504316,16,0.49751274303240667
-1.4599713903736553,-1.5993761308090697,-1.404447517114378,-0.754720491530248,-0.3841967866369494,-1936.0239109629165,-13.688349481101648,0.1108151076422745,9.76,-9.512178916058616,47.8518,0.07913809887883735,18.00952725,-2.7591865065251033,0.018405477,-74.93196087633174,995.4831605,0.00393756,0.144722897,6177.375344,-0.24521622629790746,-0.25512355449568686,28,0.29645002489251765
-1.5790382068590942,-2.4013494814177516,-2.482580133252869,-0.9616447454710533,0.8069459830403524,-2869.3558689629167,40.61165051889836,0.0514770326422745,84.069,29.044726623941386,50.0735,0.32343809887883734,27.39596504,-2.1930928135251033,0.046328238,-69.64298042633173,204.6626263,0.01626253,0.121807108,2996.220424,-0.06307800829790748,2.897607005504315,25,0.32230560063978553
-0.6994552778074467,-1.7532535292244298,-1.2197847492095641,-1.2123179975767473,-0.2915955123424404,-1412.3029079629164,17.611650518898355,0.03880990664227453,133.1893333,33.168122363941386,51.7693,-0.032261901121162805,26.53096253,-1.6145342545251027,0.033698153,-61.224219366331745,348.5811098,0.06060137,0.134669129,2791.596375,-0.09298077929790742,2.5524531955043157,32,0.0924749141140813
-0.5630969789244684,-1.9420557639233649,-1.4320109550901419,-1.0428169857416256,-0.2079446332559616,-2248.7172079629163,-13.988349481101647,-0.021681362357725477,65.61714286,10.402813023941391,51.8091,0.3259380988788373,24.91140915,-2.075126943525103,0.04679614,-69.83005028395597,449.432128,0.01484025,0.175955019,3265.721909,-0.04253064985289294,1.6898468455043159,24,0.2193175196849982
