BAI_GR,Twig.Wood.Density,Leaf.Mass.Fraction,Leaf.Area,LCC,LPC,t.b2,Ktwig,Huber.Value,X.Lum,VD,Root.Wood.Density,Hmax,WaterLogging.Tolerance,Slope,julian.date.2011,Height.DBH.Ratio,Estem,Branching.Distance,Twig.Diameter,Stem.Wood.Density,LMA,LNC,d15N,Ks,X.Sapwood,d13C,Twig.branching.angle,Shade.Tolerance,Drought.Tolerance,Soil.Fertility,Light,Temperature,pH
0.11625665600000001,0.449612413,0.546213094,128.66125,42.48747492,15.71030643,0.022067598,484.7949762,0.009598398,0.084206055,6522.291232,0.605073256,10,1,0.5020367731732001,190,-22.17048789628843,-2457.9205898377422,13.713679115242485,0.09921052760348364,-0.058886618442970426,-23.764209690919973,-0.35578071677430867,-2.2011072374310907,-70.01952543249259,-0.04166492187806253,-0.30074379602482804,-7.298950868106878,0.6321071329663904,-0.4333241064308009,-0.25875753264093826,-0.7157986786632524,1.6284043019690702,1.2290683100960023
0.15807163799999996,0.526801367,1.389357177,49.942,46.9333,8.380792936,0.031818239,574.3777471,0.0128926,0.091130202,6494.73508,NA,35,3.37,0.21955630113285657,190,80.09659290371538,1918.573886162456,-6.019654214757895,0.8242105276033872,0.1557473945570283,-0.7722723109227964,-0.7402807167742552,-1.0232559514309032,-63.60360966249735,-0.043245485878050154,0.06533408397489732,-15.579500868107873,1.832107132966205,0.4466758935691427,0.3132724733777539,-1.3286363863279245,1.3325634174979422,0.3674612905536764
0.21379794199999996,0.54046706,0.926887822,10.98089286,51.41695267,18.58994924,0.013673912,1384.228269,0.003842745,0.118144581,8633.222818,0.41607565,15,1,-0.6665166431549964,190,-44.989987196284055,-1278.8004278374988,-8.256017854758058,-0.665789472396617,-0.029229622442970525,5.292073899076954,0.09251928322574972,1.708757545569122,-32.25393988249746,0.21629295512195024,-0.4926631260251205,-10.03215086810789,-1.4278928670337951,-0.09332410643085934,0.29318693710039007,-1.2996351640431743,1.4657844544481589,0.7279843408990327
1.546864852,0.457069157,0.239320481,20.50904762,45.4262,12.12922651,0.025451634,1286.676386,0.003396777,0.151487941,8783.895374,0.473537604,10,1.02,0.9307056529903733,190,-39.47483569628405,-2951.9318438374985,-3.6196542147580573,-0.5357894723966171,-0.053373329442970435,-20.008890810923045,-0.020380716774250067,-0.26344621943087826,-31.774448422497457,0.14127297112195025,-1.3551065860251184,0.9108491318921086,1.0721071329662049,-0.6633241064308592,0.21467829101568697,-0.7152591088838708,1.701761548305384,-0.317273223198012
0.8717042319999999,0.539322083,0.389743661,27.53965517,44.5831,13.72755983,0.018202124,550.8337994,0.007237312,0.121430263,5652.919906,0.670168067,10,1.02,0.3499264660315674,190,-20.90340709628406,-413.27635083749874,-0.7863208847580585,0.834210527603383,-0.020981022442970475,-19.856765290923047,-0.07468071677425009,0.641074054569122,-68.60091432249746,0.023969018121950188,-1.1123888460251186,-6.052450868107895,1.0721071329662049,-0.6633241064308592,-0.26090238829563017,-0.8262370739969253,1.5741824823794903,0.15396954826001896
1.478615598,0.604120802,0.55304457,55.015,47.6881,13.46337806,0.017021405,1087.772139,0.006789977,0.135523456,7488.630832,NA,25,1.5,-0.7157476074460991,190,-20.141502396284057,-493.2908728374987,-8.494654214758057,-0.3107894723966166,0.09942826755702952,-25.789836260923046,0.16371928322574988,2.812149588569122,-45.32496735249745,0.17725255012195018,-0.9895253060251212,7.240529131892112,1.8221071329662049,-0.9333241064308592,-0.02073474291533579,-0.8673588079907123,1.7610106475265057,0.7942149499993468
2.2193540560000002,0.42548901,1.924449825,21.70577778,41.7582,16.08503237,0.020076068,2097.167708,0.009187247,0.178355564,4265.953521,NA,20,2,-1.5188443603981392,190,30.13627540371594,4758.139357162501,-9.619654214758057,0.669210527603383,-0.16189703444297043,21.45972262907695,-0.1460807167742502,1.279649679569122,11.086319877502534,0.1632003001219502,0.7936186939748788,2.3315991318921068,-1.7178928670337952,0.0666758935691408,0.06002483181319568,-1.1986407647800088,1.402639933016524,0.5769931333815856
0.30398514,0.532813938,1.150401207,50.35888889,48.0477,11.43280644,0.011665998,625.0836387,0.106850335,0.159789143,39892.44825,NA,25,1.12,0.2267872975404635,190,29.97344020371595,-1520.7281268374986,-10.905368504758057,0.09921052760338357,0.2029949425570295,-9.525727510923048,-0.23458071677425,1.825514547569122,209.37968237750255,-0.6612856918780498,-0.735924006025118,-11.643100868107892,-0.177892867033795,0.44667589356914067,0.02315169054879608,-1.0777530065754193,1.5359038223466353,0.1981976870960892
1.269459158,0.53622138,0.530638029,19.17266667,45.9814,15.18300142,0.0329153,324.2869931,0.003830998,0.099259677,3453.805612,NA,10,1.27,-0.2463372447700264,190,17.77516430371595,2284.054897162501,-9.952987544758058,-0.7207894723966167,0.048772382557029564,-1.278170880923049,-0.2796807167742501,-0.3018519234308779,-85.37096970249746,0.11164887212195018,-0.8190102460251181,-7.22865086810789,-0.3378928670337952,-0.6633241064308592,-0.07065410190750267,-1.1329154164609725,1.448851328655384,0.7029213024454873
0.5339362639999999,0.447745181,0.511550297,70.37235294,46.1249,18.89869388,0.018171156,575.43813,0.009143648,0.073630171,8276.479554,0.590608067,10,1,0.7397450546577738,214,-44.54477247793751,-2029.0765381484457,-14.60913623000416,0.0449573274972739,-0.0410739971443836,-41.858253871434016,-0.3819235078256267,0.5349138140592846,-39.060420484730884,-0.0054017827311324505,-0.14645771898237483,-0.8119764290357738,1.276443164785796,-0.25366387354550946,-0.877556420000761,0.4546821847624041,1.0969854712037046,0.28661837169696075
0.24308889999999989,0.439846282,0.455023672,87.694,44.6355,24.82237046,0.020660844,608.4670665,0.006347448,0.097861069,6003.352164,NA,10,1,1.3945146027273703,214,9.373594862062511,-1046.747363848446,1.757530439995842,-0.9000426725027264,-0.010035595144383635,-42.03366661143402,0.3441764921743735,-1.3292927099407155,-35.58971402473088,-0.03714913173113243,-0.7607725189823737,9.465023570964227,1.276443164785796,-0.25366387354550946,-1.167839346645327,0.21983714862641313,1.2961455640159523,0.6159890862708964
0.6824941320000001,0.517910135,1.237280604,43.15736842,45.46400025,9.772248731,0.026085845,420.0068599,0.012457811,0.075532923,6126.99554,0.611713315,35,3.37,2.066044105569714,214,-4.100710537937508,1009.5242461515539,-12.40913623000416,-0.8550426725027265,0.1477494098556164,-25.315668541434018,0.48387649217437345,2.045762178059285,-47.22987029473087,-0.045619283731132436,-0.8493025689823765,-3.073109759035774,2.476443164785796,0.6263361264544904,-1.2928444623092625,0.38995070806472154,1.64780120850271,2.3804229490556414
0.43677348400000005,0.511534684,0.873369938,42.75666667,46.1042,21.69067983,0.027157844,706.0798152,0.006083869,0.086335217,6673.746305,0.645381984,25,2,-1.714146007212653,214,-15.448426937937505,296.76074315155415,-19.20913623000416,-1.4600426725027262,-0.04935390114438361,-39.13138117143402,0.5890764921743734,-0.03660432094071514,-37.56954608473089,0.14265040326886758,-2.0328157489823755,7.254673570964229,0.886443164785796,0.7463361264544905,-0.28457076123275865,-0.4565829119353202,1.6680972364875584,1.1344169704906992
0.8412382440000001,0.530377027,0.346593001,17.09964286,42.7689,14.46896045,0.027129899,921.1620478,0.006810374,0.156394836,7710.168742,0.526857143,10,1.02,0.829349760923334,214,-10.171146137937505,911.3490261515539,-10.05199337000416,-0.4800426725027264,0.02225925385561638,-34.896231051434015,0.08827649217437349,3.006452763059285,-11.783409884730887,-0.08914745273113245,-2.400943568982377,-11.481376429035777,1.7164431647857958,-0.48366387354550944,-1.013628777347014,0.214007405547591,1.5666310698020733,1.9561609302079597
0.543981652,0.390774357,0.61473801,145.63,44.7849,15.72869648,0.033457787,152.9282956,0.224798079,0.174634422,12241.33144,0.550675676,30,2.59,-0.07373253538665266,214,44.37586246206249,9935.013915151554,41.09086376999584,1.324957327497274,0.19275066485561637,-34.122140551434015,0.1795764921743734,1.1311514730592849,137.70320552526908,-0.8054095417311324,-1.729736378982376,14.213923570964226,0.17644316478579597,0.12633612645449044,-0.6376787303418887,-0.2519587589637759,1.572927511990045,2.044384597734495
0.21705078999999997,0.56089323,0.733111566,13.73934426,46.0314,13.57853598,0.025291141,1075.156402,0.005498073,0.130204208,3958.112769,0.654953636,12,1.07,1.0346859126136234,214,89.1695132620625,1081.9869481515543,-20.475802897004158,-1.5050426725027262,0.0990391728556164,-38.65129961143402,-0.18342350782562658,1.5848615520592844,-18.035275904730888,0.13477994426886752,-2.520549818982374,17.20027357096423,2.296443164785796,0.9963361264544905,-0.3650438547129902,-0.17320236650600268,1.9078960223008201,1.7888208220341788
1.0540824819999999,0.476932398,0.634365899,32.53529412,48.31938964,20.36875688,0.015390751,783.8481612,0.00835941,0.108019929,6514.697841,0.634677944,5,2,-0.43089640717066613,201,7.003030534624792,427.9554302824838,-13.377333468412521,-1.0071138557785833,-0.0019189664727848905,-27.20862277490724,0.24210383732720256,1.000970356502113,-34.36015234477112,-0.08716843281071268,-0.36798717696386063,-4.183270916866502,0.6774278142168509,-0.35097983302507385,-1.6417104346561433,1.230163659680141,-1.0510697390798502,-0.8486773448052617
0.35472629799999994,0.448713005,0.489336493,34.16666667,48.7557,18.72190079,0.022985235,628.6783712,0.004501377,0.075093551,5925.892762,0.622037422,5,2,-0.1603971104122135,201,2.5585861346247825,1535.3920872824838,-4.044000138412521,-0.5671138557785838,-0.056698747472784805,-33.28728804490724,0.03240383732720234,-0.11843889949788695,-53.16430850477112,0.06005225118928731,-1.5764942569638611,-5.753770916866505,0.6774278142168509,-0.35097983302507385,-1.7269097582097745,1.826626840931148,-0.5652517820411983,0.588679584701044
0.25256802600000017,0.650407474,0.727732611,37.70390244,46.1461,9.4456574,0.011603275,1218.153371,0.009217378,0.187226247,5654.656433,NA,25,1.5,0.0904278879697428,201,19.433586134624782,9775.918315282486,-14.32971442841252,-0.8221138557785836,0.12236367952721518,-32.238256374907245,0.2702038373272023,1.8041300375021132,-26.04573812477112,0.1644377211892873,-1.0998154069638622,17.729145753133498,2.117427814216851,-0.8509798330250739,-1.3113742469727403,1.8048936614476443,-0.24324427619164307,0.24104315083263234
0.33696973999999996,0.599248696,1.1254291,17.17127273,45.073,9.306032938,0.038557095,950.3364398,0.009026074,0.082198403,8119.236076,NA,12,1.07,-0.4102656439663931,201,1.8282490346247686,3137.5930742824844,-16.972571567412523,-1.5671138557785838,0.17897869952721515,-29.040358324907245,-0.19009616267279777,0.2284424615021134,-41.52303781477112,0.19049583418928734,-1.8940756669638636,11.252191583133495,1.9474278142168508,0.8990201669749261,-2.747357315377931,2.206459626483797,-0.9039555574333423,0.35964395273409383
0.20240594400000003,0.515780626,0.502521687,9.06952381,44.0291,9.695411652,0.035311281,776.8771439,0.005708689,0.14080954,4649.980335,NA,9,1.11,-0.540759982221405,201,5.683586134624783,-1601.1163217175167,-17.74400013841252,-0.0021138557785833016,0.07728362752721517,-21.293616744907247,0.05820383732720216,0.2419176695021134,-48.17180643477112,0.13715267118928737,-0.9043312469638626,-4.0846709168665045,-0.042572185783149315,0.529020166974926,-2.3292631582376817,1.7045680164072372,-1.0487971612554579,-0.4082668358625812
0.13069728400000002,0.490579006,1.322947873,25.82230769,46.65590721,17.64163555,0.037659678,1056.844286,0.049690071,0.185189755,10663.90478,NA,35,2.46,-0.5059646891266696,201,8.808586134624782,-2667.958179717516,-13.64400013841252,-1.0121138557785831,0.1422645005272152,-27.090343124907243,0.8326038373272021,-0.5396678514978868,202.67263124522884,-0.6155401788107127,-1.7359032869638602,20.309912413133492,0.507427814216851,0.5690201669749261,-1.381253440084389,1.158349801100486,-0.8312490659133037,-1.845962111397693
0.5115592380000002,0.477076509,0.630460449,65.53,47.6154,23.62264499,0.015967414,616.414094,0.006430651,0.094963642,6687.088693,0.560836502,10,1,-0.16339478333933502,186,30.350848710658173,4341.0309216643245,-4.238073878883706,-0.5325806057122654,-0.06512870615940161,-22.616503095837885,0.14684308173431249,-2.600930042679238,-70.87167540712522,0.06765329209746394,-1.0971353938655768,-5.357779941286579,0.5247177943296066,-0.4632674785784175,-0.7446519340041257,1.25124009663568,-0.3318059951960596,-0.4383535096963703
0.6854439280000001,0.532440735,1.541219781,61.759,48.9605,10.1252913,0.030369903,1004.164705,0.017727042,0.11784226,5520.495455,NA,35,3.37,-0.2412589314212571,173,25.09851238322047,6948.945104795256,-0.49793778729206806,0.37534821101187754,0.0842150495121972,6.828917040688891,-0.38602957311285857,-0.6638213872364103,-62.232647537165455,0.10010898801788375,-9.777018470650267e-4,NA,1.375702443760661,0.31941656194201795,-1.305847767913731,1.3215891326064997,-0.6732974641476803,-0.5316078312457724
1.594323432,0.494523648,2.542,25.3846875,46.8912,12.17261915,0.022987145,1121.486081,0.005775666,0.114812476,5319.273125,NA,25,2,1.187872083655,186,-20.590437389341812,-2148.630092335674,10.011926121116293,-1.6525806057122652,-0.08538885715940162,-11.558642665837887,-0.22965691826568757,2.457692019320762,-50.76826616712522,0.22648007009746396,-2.0914553038655748,-1.5823299412865803,0.13471779432960646,0.5367325214215826,-0.7343878488514354,1.4614857384238162,0.16335568184641103,-0.666144173945428
3.5345933379999996,0.477265985,2.154571159,38.40714286,47.8637,12.77897573,0.028969021,925.7118071,0.002828762,0.120875905,6692.063989,0.569476457,25,2,0.006975471657292794,186,-16.99918418934183,680.3433706643261,34.261926121116296,-2.0025806057122653,-0.022552280159401607,-3.729174405837881,0.35764308173431236,1.1512949073207615,-60.79595319712522,0.22269969109746401,-1.1400670638655783,-5.909079941286577,0.13471779432960646,0.5367325214215826,-1.2030529733904,1.4943547952179412,-0.281952701934394,0.823851588498122
1.092638778,0.544350154,1.670434783,22.451,46.0457,8.423556649,0.021213079,1155.637431,0.003617919,0.124395015,2977.570123,0.573090541,12,1.07,0.5799847859973828,173,21.325364283220484,1483.3388287952557,-4.272937787292069,-1.9596517889881226,0.2066759065121972,-4.187095299311106,0.00727042688714144,1.8456484497635899,-65.12116189716545,0.2661037160178838,-0.42265258184706267,NA,1.1957024437606614,0.6894165619420181,-1.8206539840302158,1.81625147633975,-0.47130531902986483,0.10261899155508547
0.2427551460000001,0.303701141,0.789166643,103.2092308,46.5035,23.55205352,0.025976123,866.7786641,0.014731814,0.152141014,6147.623912,0.389696169,35,1.26,-0.4625948921731994,173,-39.026487616779534,-4239.920987204745,1.9270622127079327,2.150348211011878,-0.2584329044878028,-12.844020019311108,0.5185704268871413,1.40880962876359,-71.56989518716544,0.11000426201788376,0.14851234815293568,NA,0.5957024437606614,0.31941656194201795,-2.082707191496663,1.3930613205251683,-0.8496061461290216,0.7936964733045273
0.41844792799999997,0.358080789,1.130269777,83.006923080000007,41.7506,19.54090899,0.041236079,1131.751286,0.018184322,0.166712234,4647.517459,NA,35,1.26,-0.28131902345324805,186,17.406627910658194,-2067.842437335674,-9.904740548883707,1.0824193942877347,-0.29307659515940165,-18.53213004583789,0.5118430817343128,1.3138672633207613,-37.802337277125226,0.056760562097464044,-1.1645010338655788,15.202320058713427,0.9447177943296066,0.4167325214215824,-1.9197524014656155,1.9857898605733586,0.05285254312947255,0.7502100625288496
0.7741391759999999,0.510317906,1.744922737,37.10619048,46.1895,16.09375014,0.036292536,1288.438439,0.017626149,0.100413672,12948.28607,0.692078133,35,2.46,-1.5196883731254358,186,-20.051091689341828,47.01179766432571,-4.338073878883708,-1.4375806057122653,0.08277128884059834,-6.015891255837885,0.8645430817343128,3.363618833320762,51.94756255287478,-0.342574809902536,-1.0519005538655777,7.412370058713422,0.10471779432960665,0.45673252142158244,-1.2747761469493533,1.3054413071925859,-0.6539269427988545,0.020927924472497215
1.4816989460000003,0.380556575,1.822467772,125.13,48.8102,20.9995435,0.019161852,425.4032202,0.015597803,0.069989351,6799.94353,0.620626896,10,1,0.8112413714027508,187,-22.198236441077377,-3465.3548699611297,16.37486436714771,-0.37588282238335335,-0.11188217898029389,-17.029317597109173,0.6338871321071716,-2.0625100338671483,-79.50495079096828,0.0066610361035855875,-0.8766965294054613,-14.300072672991908,0.5515651289887562,-0.45578163554152795,1.0627370053084846,0.8335948860674466,-0.14640709405075125,-1.0487552215838014
0.9436449419999999,0.382941182,2.821518351,37.997,48.0353,15.85429615,0.016653004,969.3757654,0.010743279,0.101758112,10818.11392,0.498246639,25,3.08,0.5002590082491611,187,14.944620658922636,-1613.1363399611305,-8.791802292852294,-0.6408828223833529,-0.20295925698029385,-3.903344107109173,-0.400012867892828,-0.43657077886714846,-49.08469612096828,0.08468808310358554,-1.248166409405464,-9.366172672991906,0.43156512898875604,-0.6157816355415279,1.0159815445689893,0.5674342296521672,-0.46355668762070157,-0.6301959269343425
1.8630675820000004,0.428268436,2.213647731,25.04,50.9109,15.24056837,0.021894128,380.0854237,0.01017994,0.073275004,5797.043931,NA,25,3.08,1.4208261829381905,187,1.9160492589226317,922.3291300388702,-8.402913402852294,0.0891171776166474,-0.09675780098029389,-3.9799344371091747,0.044187132107172,-2.1779409798671483,-81.79296424096829,-0.01507194589641448,-1.040294019405462,-11.019072672991909,0.43156512898875604,-0.6157816355415279,1.18895460847814,1.3505828028532696,0.22945874559869467,-1.7615340141182712
1.319396696,0.342327557,1.708295351,65.89,48.5681,23.01392893,0.025429568,483.1240693,0.006512404,0.085799435,7138.838467,0.574717128,5,2,0.5428724731704454,187,-33.150617441077365,-2342.75232496113,78.04153103714772,-1.4058828223833533,-0.19593427498029384,-19.987823997109174,0.7988871321071717,-1.2849145518671483,-74.20978207096829,-0.025334961896414494,-1.3711716294054637,-58.26007267299191,0.30156512898875615,-0.45578163554152795,1.0712714801396097,0.6122439915441086,-0.4027473931268484,-0.5974936055794262
0.386909636,0.390198582,1.06,42.63117647,45.6722,17.22311319,0.025307062,606.9839222,0.008954029,0.088475469,7718.646331,NA,5,2,0.6378809942608222,187,47.15241285892264,214.33981503886935,-5.958468962852294,-1.2658828223833531,-0.12827658498029385,-22.615600257109175,0.04248713210717196,0.049074219132851676,-65.18754746096828,-0.03130589089641445,-1.2847012194054632,-11.268547672991906,0.30156512898875615,-0.45578163554152795,1.1290027724925853,0.8337623077102513,-0.06391920448845705,-0.977063755717995
0.18727842799999994,0.59952655,0.700343306,13.45916667,49.2809,15.66918152,0.003322838,1150.580382,0.003251059,0.176827791,6074.656803,0.798744461,12,NA,0.6389143528631357,187,9.706525458922632,696.8277470388693,-8.387040392852294,-1.6208828223833531,0.2629939470197062,-15.008457487109174,0.3356871321071716,-1.0771962658671483,-47.765088680968276,0.21948319410358552,-1.5451115994054594,-0.07107267299190795,NA,NA,1.1953347051076657,0.599693073238884,-0.27983115793660196,-0.6452579072924869
0.20044327200000006,0.493893825,0.843223443,16.02,47.5595,14.64848904,0.015762119,956.2389545,0.001655302,0.107179122,4781.748298,0.508293205,25,1.25,0.3160185786086715,218,3.499126955120272,-976.7150943502705,44.20928343412149,-2.2732515391870773,-0.09062775442795247,-40.96656585651918,0.8442526936658109,-0.3880664396923547,-19.817007540103134,0.13368318829335382,-3.5524909711419212,4.384452644142912,-0.6361674965776055,-0.20372050139795111,1.5065627698059827,1.4095863501848898,0.2719513709908638,-1.3164006995118256
3.2363253380000003,0.471180248,1.797841727,27.61533333,42.1064,15.02106259,0.031339915,1571.629987,0.008400461,0.143595333,7163.109461,NA,25,1.25,1.2663684422108008,187,-5.8021325410773645,612.0001260388699,5.2415310371477055,-0.680882822383353,-0.09916170698029385,0.14392206289082776,0.025587132107171826,-3.849691048867148,-25.13393906096828,0.21271012210358553,-0.7377656394054638,4.760227327008091,-1.4684348710112438,-0.43578163554152793,1.1281426552451819,1.4445015082413997,0.18149156017191367,-1.9053108463125001
0.59664566,0.505277533,0.749335106,18.62756757,48.6321,14.68436838,0.013691398,1337.242784,0.006103534,0.149876902,2993.648385,NA,25,1.25,-0.26225846300582334,187,65.73827145892264,2362.6695750388703,2.874864367147704,-0.7758828223833527,-0.09903342498029381,-14.146782917109173,0.17848713210717207,-2.815986920867148,-37.86334456096828,0.21775448110358553,-2.213170829405464,3.6724023270080886,-1.4684348710112438,-0.43578163554152793,1.0924122010536061,0.6859446481008876,-0.30243670689668006,-0.7215220662550705
0.02283478,0.465628191,0.68944571,11.94222222,50.7708,16.8958296,0.016842399,1017.395497,0.001463986,0.124660155,3629.590954,0.559261036,15,1,-0.6234910675053739,187,67.40493815892265,1292.5533770388693,-9.791802292852294,-2.165882822383353,-0.17352956298029384,-6.36163565710917,0.8857871321071716,-2.0365505798671486,-54.25804303096828,0.21074925210358553,-1.039283429405462,-7.102722672991907,-1.5084348710112438,-0.11578163554152807,1.0787871351899314,0.5460400429868083,-0.3356970795265599,-0.4214537907424549
0.462891058,0.327246893,2.004279808,209.1675,46.4879,14.26941646,0.026539272,1465.067391,0.058696258,0.107757332,33922.51293,0.644884488,30,2.59,0.7662059848550723,187,135.5160492589226,9826.520680038871,4.041531037147705,0.569117177616647,0.11477245501970619,-10.780748377109171,0.918787132107172,-3.0574428568671483,212.65446505903174,-0.5201893968964145,-0.9455364794054623,27.9019273270081,-0.5484348710112439,-0.07578163554152803,1.162829672747469,1.1538963355013563,0.04038572583986366,-1.5295331528939928
0.5457281020000002,0.564820547,1.292692162,10.84082192,49.2471,12.28176582,0.020085985,770.6508274,0.005671147,0.105945454,6158.982348,NA,12,NA,0.5707877353417933,187,-40.19823644107738,-3124.9119559611304,-2.847357852852295,-1.5908828223833533,-0.25036533798029387,-15.439233707109173,0.7923871321071717,-4.120516320867148,-68.08733083096828,0.22976360410358554,0.5343733405945373,-0.6590526729919097,NA,NA,1.0975327846851224,0.8809937614521731,-0.18410032352249495,-1.2486967553398292
2.141859018,0.565618791,1.41139587,115.6475,46.082,12.48999647,0.02087292,2197.665591,0.027955591,0.100972972,36123.14695,0.606456382,25,1.12,0.7531013513300533,187,-17.09001134107738,-961.6867549611302,1.7081977071477072,0.9541171776166468,0.07710737701970612,6.639155762890828,0.25398713210717194,-1.9805391318671484,152.29936695903172,-0.3229238698964144,-0.03338605940546256,11.966127327008097,-0.2584348710112439,0.42421836445847194,1.1578378417787407,1.0702431342548437,-0.02702395557135545,-1.281171114389417
1.1587989999999997,0.533369796,1.679560261,20.8172,42.5827,21.9855319,0.040726206,582.7634671,0.043599088,0.106726717,14785.13358,0.543917606,35,2.46,0.4917547710058433,187,-21.381909941077375,-2219.0486429611296,-5.708468962852294,-1.2608828223833533,0.02966161901970617,-14.737846637109174,0.900287132107172,-3.2881777388671485,58.33206665903172,-0.5744590308964146,-0.6795876894054628,8.353927327008096,0.13156512898875625,0.464218364458472,1.158992723363811,0.9040150039150608,0.023252825687432616,-0.9682415426054881
1.2133687599999998,0.392128678,1.682439926,84.476,47.744,17.13102385,0.019604414,378.6789333,0.015725421,0.061061408,6927.778134,0.477500491,10,1,0.6600018011913156,178,-33.33738287545733,-3447.469505332025,-8.808246537135007,-0.43116287234356215,-0.12523315459226395,-9.316264915667558,0.06829067875143818,-3.130605638175959,-93.86262091638075,0.033724946048491584,1.2426228504535064,NA,0.3099391170564096,-0.523154222873534,1.0871069661777633,0.280021838924818,-0.21191734693786873,-0.18847019415562838
0.337250568,0.469063702,1.68898254,33.53888889,51.4865,15.46549888,0.021270743,733.601399,0.010792572,0.088514898,8883.122661,NA,25,3.08,-0.062228651719743545,178,62.345847024542685,681.802487667975,0.27508679286499393,-0.8211628723435618,-0.052203724592263884,5.463451494332441,-0.9386093212485619,-2.7922177101759593,-74.46675814638074,0.1094166350484916,0.021976480453509264,NA,0.18993911705640948,-0.683154222873534,1.0584320127637536,0.26185707843182815,-0.15138492904484852,0.10291345089184142
0.13910650200000002,0.581432959,0.811804962,19.61509434,49.3025,12.81242968,0.017419325,982.918599,0.009487807,0.168579068,5305.704796,NA,12,NA,-0.17471701684949606,178,7.488704124542671,564.2524016679748,-5.6807955571350055,-0.1711628723435624,0.10575460640773612,-0.3120318456675606,-0.29320932124856214,-2.430930211175959,-66.21307207638074,0.21907375904849155,-0.7215567595464921,NA,NA,NA,0.9393487486777146,0.27601278713461397,-0.2391620714858052,-0.139534313084312
0.13981148399999999,0.514578346,1.472267389,13.15315068,51.6016,15.4995017,0.019566318,1056.368264,0.007721691,0.104753642,7739.815056,0.470873786,15,1,-0.9464921954002463,178,-69.82947769545733,-3382.7645863320254,2.2250867928649933,0.003837127656438311,-0.050495777592263896,14.929786754332442,0.378990678751438,0.7063027028240407,-65.19705929638074,0.27047877704849144,1.3170475904535077,NA,-1.7500608829435904,-0.18315422287353425,1.038531475034401,0.18954927922085818,-0.13908673528573307,-0.04114825625021326
0.47836434399999994,0.367551119,1.813207547,28.79083333,44.8457,19.94190516,0.012373943,852.1737545,0.006568738,0.100547886,9193.358563,0.544578313,10,1.02,0.1091223817465041,178,68.12506772454269,-2501.6329343320253,0.5250867928649939,-0.9611628723435623,-0.09032245459226387,1.4643665343324426,-0.6624093212485619,-1.0488290571759595,-71.16238883638074,0.1776546130484916,-0.5042247595464933,NA,0.7499391170564096,-0.7531542228735341,1.054283060159489,0.30003910830053604,-0.06822849020489179,-0.07220965680814942
0.3615317719999999,0.511966092,0.246493838,13.45631579,47.7668,19.16276724,0.01600442,663.1468875,0.004457875,0.122677039,7524.070824,0.621872478,10,1.02,-0.7605736706616616,178,6.7614314245426845,-405.04366133202495,6.825086792864995,0.2788371276564378,-0.020834004592263953,-10.906657245667558,0.35759067875143813,-1.7904584281759592,-71.23798316638074,-0.02104484095150843,0.7124692704535097,NA,0.7499391170564096,-0.7531542228735341,0.9317059215625567,0.36380366786592494,-0.027746676489959127,-0.004427879426536913
0.40025857800000003,0.656161975,1.460777126,31.72741935,50.1072,11.08918908,0.023664031,685.9585233,0.012594954,0.106746998,5510.432816,0.559120073,25,1.5,-0.05509081054802995,178,19.19458652454268,-1921.2304723320249,-13.445501442135006,-1.0361628723435619,0.11786786440773608,-15.18664174566756,0.07979067875143803,-1.4791230651759593,-83.17213764638075,0.2426870860484915,-1.515500169546493,NA,1.4999391170564096,-1.023154222873534,0.9216773263962659,0.3337758291187327,-0.1737201266308585,-0.47545916924287535
1.06425445,0.529703448,1.155222638,24.87837838,47.6196,11.56231006,0.030181284,2252.261743,0.007534742,0.12916877,11162.46412,0.518328148,12,1.07,0.9221445810682952,178,-4.8862958754573285,7402.393441667973,-9.821067057135005,-1.2861628723435623,0.12232645840773614,-12.63014964566756,0.2161906787514381,-0.3195437791759593,-0.4575800963807426,0.24173898504849153,-1.3754954395464918,NA,1.3299391170564097,0.7268457771264659,0.9594589649814864,0.38447075880101617,-0.24589935463051787,-0.39397851882740376
0.13662012799999984,0.541998925,0.410452518,12.11682927,47.9318,12.36634045,0.027432913,621.0261678,0.005630209,0.120012947,5044.555751,0.550955414,22,1.06,-0.7992684791560495,178,-11.51129587545733,-4010.2435213320246,-11.185439523135004,0.2838371276564377,0.05854317240773607,-8.00970310566756,0.11439067875143777,-1.6506323311759594,-86.53941233638075,0.24101245204849162,0.8593167304535098,NA,-0.7900608829435904,0.49684577712646594,1.0001818882012663,0.2639153183684404,-0.18526177555805384,-0.10376546622033347
0.7307711299999999,0.599698984,0.911625124,52.2305,49.5888,12.75300418,0.031919714,1900.48488,0.040660808,0.12517881,43748.95719,0.610902256,25,1.12,1.1666990882676902,178,11.445225824542666,881.6535726679753,-5.546341777135006,1.3938371276564379,0.061363489407736144,4.0015672543324445,-0.0378093212485619,-1.9834782571759595,246.4560583036192,-0.45849138095150854,-0.6810656595464916,NA,-0.5000608829435904,0.3568457771264658,1.1234657675232063,0.7594050924991723,0.1572730131248081,-0.6622351664518824
0.5083069020000004,0.327620821,0.663298002,38.26827586,46.8366,21.3670743,0.022426289,2171.443795,0.009221204,0.221526764,7730.11568,0.297560976,35,1.26,0.5697262092382599,178,-39.59292857545733,-2557.2570453320254,-10.074913207135006,0.6388371276564382,-0.26857698559226395,-17.27678703566756,0.509490678751438,0.3993334178240406,9.335288203619251,0.13632730104849153,-1.9019217495464897,NA,0.7299391170564096,0.3568457771264658,0.9801267081088738,0.29670373509966064,-0.2639746335214042,-0.06888911902881459
1.155117946,0.28812148,1.189287467,114.1727273,44.8839,25.80580129,0.026670111,836.5645408,0.018260601,0.168387427,3625.157632,NA,35,1.26,0.13084343915688093,178,-6.03761167545732,-3871.793664332025,12.025086792864995,1.3288371276564375,-0.24565497059226388,-9.36087881566756,0.6437906787514381,0.1729212978240406,-67.42263947638074,0.09746796404849152,-0.41048337954649233,NA,0.7299391170564096,0.3568457771264658,0.9751308164268058,0.3559024829317947,-0.17256735944437113,-0.48554528619070547
0.12807601799999996,0.526525203,1.424242424,20.73692308,41.7865,16.91193401,0.043939801,302.2447202,0.123462893,0.249720989,20281.47928,0.566885965,35,2.46,1.5433998642211233,178,10.85234052454266,-4501.4442525320255,-11.141579874135006,-1.546162872343562,0.10646305340773607,-8.147474985667559,0.463390678751438,-1.6379143881759592,221.57521470361922,-0.6779389259515085,-0.8183188495464907,NA,-0.11006088294359034,0.39684577712646585,0.7826910879954787,0.8716698313513812,-0.08886212024193445,-1.1514816288869305
0.7314195819999995,0.518803689,1.419130435,35.89695652,51.7684,13.21106008,0.033525941,377.7666706,0.007019684,0.067728055,6967.912358,NA,25,3.08,0.33859733709807754,214,67.69953396206252,6175.627335151554,-6.575802900004161,-0.46504267250272585,0.07362900885561634,-13.202179431434018,0.49617649217437365,-0.3700867009407151,-48.207954674730885,-0.09864852573113247,-0.941592378982377,NA,1.1564431647857958,-0.4136638735455094,0.6313513892803498,0.5617818560165327,2.114355698829078,0.6912461473057917
1.4654756480000004,0.527227954,1.143111723,29.78483871,49.2788,15.14435088,0.016888002,862.9270524,0.011639383,0.100645453,8494.084443,0.542378674,25,3.08,0.6289257471915547,194,-46.062682303226296,-1834.1727953393233,-15.773961823632408,0.18600166091903167,-0.05871918272653934,-23.371784326008207,-0.4911045152828126,0.2410664418174826,-49.54551005786969,0.10854480214643648,0.6322433318153389,-12.278421794929207,0.6194964716028035,-0.5633807342833008,0.3141308397425952,0.17368054274588507,0.8094977776799412,0.8815690640535222
0.8569166859999996,0.540153289,0.855700741,36.60323529,48.0312,16.23715279,0.030041004,500.6034726,0.00992836,0.065678966,5615.495093,NA,35,3.37,-0.9536781383009938,194,33.190378896773694,15786.841967660677,-14.126234550632407,-0.40899833908096805,0.18778226027346068,-19.421362336008208,-0.706504515282813,0.44316171281748223,-71.3875971978697,0.13971353314643645,-1.2402351481846627,-1.1841217949292093,1.9394964716028034,0.476619265716699,0.2505352304069717,0.3793672056900954,0.8479425605741281,0.4173708425780838
0.4818200960000002,0.540579703,1.622660099,23.50708333,48.2354,12.18918557,0.021073553,1745.054558,0.006067412,0.156305186,2149.928851,0.627045075,25,2,2.763775691798263,194,10.894460596773717,-1141.8818133393233,7.498765449367593,-1.8789983390809684,0.052215851273460706,-13.72688319600821,-0.04470451528281302,-0.6002590121825175,-9.499587527869693,0.2144530921464364,-1.4222789081846618,8.86552820507079,0.3494964716028034,0.5966192657166991,-2.6481602211153774,1.804450738165604,0.3790306729730057,2.219760883951561
0.035851869999999994,0.456725987,1.582222222,17.5153125,51.2523,18.05083285,0.014198678,1454.519366,0.00365173,0.140112525,6277.444354,0.413978495,15,1,0.4310987196435888,214,45.042529062062506,238.1070591515538,-10.90913623000416,-1.390042672502726,-0.1425305691443836,-3.64787950143402,0.7009764921743737,5.630938994059285,1.480810115269115,0.13814480326886758,0.7625323810176257,-11.100443099035772,-0.7835568352142039,0.08633612645449042,0.9617170989107926,0.17929168689294034,-0.17207592087975182,0.028099266476840412
0.051506922,0.550500374,0.975918885,9.668888889,51.6132,18.44948487,0.016640429,344.3943658,0.002580828,0.057890232,5575.772459,0.49149081,15,1,0.7762498119072887,194,-25.231913103226294,-3658.3511101393233,-4.584567880632406,-0.783998339080968,-0.01638547672653936,0.42457647399179166,0.585995484717187,-1.4270748371825177,-79.3549464878697,0.10652066914643644,-1.453855068184662,-8.03534679492921,-1.3205035283971964,-0.06338073428330106,0.4018350942853866,-0.0296580955769783,0.11020398895403345,0.4410059428152689
2.87804099,0.427172442,2.592765825,55.64,46.4621,12.46766472,0.019815829,3454.550137,0.009884396,0.23674265,13550.89957,NA,30,3.03,0.14229883422078823,214,28.290392362062487,-641.4103388484461,72.09086376999585,-0.6350426725027258,-0.12439565814438365,17.299975348565976,0.1848764921743735,1.9769629310592844,147.82295192526908,-0.04933429973113245,0.3491340210176235,-49.692776429035774,-0.583556835214204,-0.6836638735455094,0.6803088860596509,0.6195595331146609,0.8029975372149261,0.17901946595034074
0.8016280459999999,0.459615946,1.766740065,16.55414286,51.8212,14.88474512,0.026195473,1067.233215,0.008076787,0.124774488,6658.697372,0.530654659,25,1.77,0.5312055770367331,194,18.453984396773716,19.446916660677005,10.498765449367593,0.47600166091903173,-0.12899270072653934,16.884597013991794,0.300595484717187,0.4381393108174824,-42.388406407869695,0.1802238661464364,1.493361651815338,-1.0884217949292085,-1.6105035283971965,-0.6333807342833009,0.32555306506825527,0.04207747543293773,0.3988475839297188,1.048383953139743
0.30534807999999997,0.449373035,0.896397737,10.62272727,48.7445,18.0882573,0.018376199,697.1188044,0.00238632,0.108237606,6199.15348,0.451565558,25,1.77,0.8673255956717976,194,45.243200096773705,-1260.3618783393235,-11.876234550632407,-0.3239983390809681,-0.18410801372653934,7.987364583991791,-0.17800451528281278,-0.36842465818251746,-61.96678398786969,0.1767877451464365,-0.15623017818466398,-15.005681794929208,-1.6105035283971965,-0.6333807342833009,0.309117799403944,0.10492716785135635,0.3098145622810087,0.917063003358732
0.12870551399999997,0.543024111,1.67110741,18.6862069,47.1147,17.84014685,0.035627616,963.7924396,0.005712559,0.18410457,4513.046337,0.415533088,22,1.06,1.1068304428502596,194,-83.19402558322629,-3385.7739144393236,-13.001234550632407,-1.3439983390809687,0.03095346927346063,-16.602477346008207,-0.3865045152828126,0.6626465808174824,-49.07824620786969,0.20273457314643642,0.6636662218153371,0.9400782050707925,-0.36050352839719657,0.6166192657166991,0.4494106259640816,0.10702810229607328,0.5230995861801074,0.9319064788461922
0.27759368,0.615478883,1.229427703,45.77714286,44.745,10.9232699,0.053401346,471.2393493,0.046323343,0.063018283,31800.69843,NA,25,1.12,-2.2969441703971762,194,25.203984396773716,-100.30172433932314,-9.951234550632407,0.671001660919032,0.09006347927346067,0.17345837399179231,-0.43060451528281285,2.0362115818174824,22.899406202130294,-0.5795072028535636,-0.22349091818466224,19.382678205070793,-0.07050352839719651,0.476619265716699,0.7350883180422192,-0.03245925683444742,0.9249816361820505,1.4119544548860525
0.12575677600000007,0.501836621,1.046849315,19.7672,45.5405,18.88553522,0.049898005,248.3889285,0.061462314999999997,0.142076897,6604.169964,0.46974847,35,2.46,0.9846226593864761,194,1.3706509967736966,-1290.2437163393233,-14.207116903632407,-0.8039983390809685,0.030898126273460644,-18.894936066008206,0.30639548471718725,3.7782768328174825,-1.9435573378697053,-0.64598854685356355,-0.43447037818466305,18.56457820507079,0.3194964716028036,0.516619265716699,0.45899209921875234,0.5023664443948488,0.7957383439611052,-0.034203820832485854
0.22634213000000009,0.539573744,1.091325811,18.06606061,42.7684,20.32632386,0.046466125,972.8360071,0.024899557,0.145727619,9628.050576,0.672553796,35,2.46,-1.6644314287565045,194,-19.1685647032263,-338.52273433932334,-15.001234550632407,-0.3339983390809679,0.10614071127346067,-18.33461032600821,-0.3224045152828128,1.3160977328174825,157.7751348021303,-0.5832383038535636,-0.45813675818466115,15.906318205070791,0.3194964716028036,0.516619265716699,0.2801924155363314,0.434616788733943,1.0807307857794093,0.7323082523256047
0.19091422600000002,0.487172592,1.656759074,7.833650794,50.2095,20.2414485,0.016901424,1577.214676,0.00470319,0.182108673,7119.431634,NA,15,1,2.021452692563919,201,-27.967729665375224,-2070.9561677175166,-2.7106668084125216,-1.1471138557785838,-0.05210188147278483,29.310950995092753,0.3720038373272022,0.23005970250211333,-5.192631504771118,0.14323114118928731,1.8279246830361382,-9.548104246866508,-1.1325721857831492,-0.010979833025074031,1.535955372016741,-0.5755963104312968,-1.154199520619287,1.19311311775478
5.597296265999999,0.489034991,2.965783664,20.97878049,44.6631,14.9660505,0.018683521,2765.150525,0.007699249,0.180832055,14880.28227,NA,30,3.03,1.7639168793530515,201,-36.05843516537522,-2562.9018297175157,19.95599986158748,-0.3071138557785839,-0.17927878347278484,44.12647641509275,-0.21039616267279754,1.502426226502113,74.1781343452289,0.05636499018928737,1.0379848030361396,1.6556290831334928,-0.9325721857831492,-0.7809798330250738,1.3579823033840477,-0.2423655219182233,-0.6758194367708,1.733614504392948
1.395009964,0.485565999,2.659939888,29.415,46.7352,13.28352151,0.016403419,2963.472685,0.005440301,0.187147156,12887.37985,0.473866667,30,3.03,2.3784584727779525,201,77.55858613462478,-2395.485054717516,74.95599986158749,-1.0771138557785835,-0.09672665947278482,52.05914811509275,-0.6879961626727976,4.856576235502113,81.92994434522888,0.07648850118928735,1.7801510930361397,-53.8177709168665,-0.9325721857831492,-0.7809798330250738,1.32110441246347,-0.6592009530534344,-1.7548123078494808,2.3078878077413214
4.016364751999999,0.461228299,2.055630328,25.193,50.71528769,16.40493393,0.017481063,2937.020312,0.002353618,0.220834075,9018.586047,0.489290495,25,1.77,1.4217537742722128,201,-7.841413865375222,971.9351972824835,74.95599986158749,-0.9971138557785834,-0.14744527747278482,43.74813991509275,-0.35309616267279764,0.924935095502113,73.15379274522888,0.11523224618928735,0.7830786430361388,-53.8177709168665,-1.4225721857831493,-0.5809798330250738,1.509547244425489,-0.25633991618875185,-0.4473765109840574,0.6191749282730706
0.21338140800000005,0.538998308,0.981676242,29.56222222,50.4218,12.08234448,0.021476511,1027.78596,0.010124207,0.121760577,6828.094684,NA,25,2.63,1.6490665591261768,212,48.59200796553362,-861.3289445975337,-7.718346062066985,0.7815617608394496,-0.12441703950259916,11.207632401108562,-0.259611608571345,5.5745220454351045,-20.94076194704477,0.10491178125662447,-1.798617557902605,16.93468403437488,-1.0672515045325033,-0.49863555961928857,0.25427067943073933,0.6443034526798415,1.1762851603685807,1.7050029244057834
2.50867652,0.504496874,1.675418994,13.97976744,50.4391,19.02353801,0.02475873,1250.369564,0.006294894,0.162468892,6995.427916,NA,25,1.77,1.435544942199305,212,42.203119065533606,6440.337332402466,-13.468346062066985,-1.1284382391605505,-0.12059353050259922,14.792095211108565,0.8744883914286551,6.078886697435104,-5.784214007044775,0.06370030025662442,0.9395304820973974,16.743184034374888,-1.1272515045325033,-0.49863555961928857,-0.23907794156181555,0.058347679425211046,0.8134495773747511,2.3826941338253733
2.0477110240000003,0.52842439,1.488335925,13.0575,48.3916,10.39469356,0.020946026,2407.848976,0.00495564,0.188178435,3908.344741,0.471508044,25,1.25,-3.84317085695791,197,-0.835742658432971,967.4612397843085,-10.495753132538171,-0.8789049890942323,-0.10095300618921595,26.175133010177916,-0.6244723641642347,-3.035466923746247,28.728006920601118,0.20153536016480117,1.6092966851956818,3.352800009954806,-1.1999615244197477,-0.3609232051726322,1.1314601251066978,-0.16839605330147694,0.06877301662320263,1.7439455453948192
0.5100815500000001,0.430918306,2.54784678,464.5518182,47.67018742,11.88809947,0.022305858,1462.722827,0.084421155,0.099414872,11810.62239,0.588084561,25,2.5,-0.7838686333229747,192,36.00109030024481,1303.812251911589,-8.660444382695232,3.0376060942612066,0.12281534191524514,0.27231103653437616,0.05620738397146835,-0.1829091868066978,56.77895348981643,-0.29946708386580667,0.7505181428951074,-5.6491863315185515,-0.8041981977154958,1.58164757964292,0.6662819136413668,0.10347899647954552,-0.010573926087399224,0.819473933822283
0.21658944799999996,0.540470908,0.901122291,20.58982456,44.2194,8.184482333,0.023079763,879.223257,0.010013636,0.1344064,6630.802904,NA,10,1.02,0.18895744629813283,199,-5.590347661904084,-2358.777499466604,-9.421391790475345,-0.4255094224364077,-0.05133076883100038,-20.77017884236466,-0.6936842634185163,-0.5484733161220672,-43.408976447084996,0.11143551117704424,-0.11659248588408971,14.002114546544146,1.3137331448985516,-0.595951519098853,-0.45791785684376396,0.9849681128601758,-0.38663246868864976,1.0798550768845407
0.907670796,0.566175702,0.564164164,13.91617647,45.2346,8.535640459,0.015776621,1514.469355,0.003667741,0.156078794,9744.6645810000009,0.587057011,10,1.02,-0.42651638968591987,199,-16.692388561904103,-2329.4101754666035,-10.853209970475346,-0.7655094224364075,0.004776623168999541,-8.633205682364657,-1.1357842634185162,-2.845001227122067,-9.082216017084992,0.12719377317704422,0.911159204115909,11.382614546544144,1.3137331448985516,-0.595951519098853,0.8911423558300597,0.28596268390039065,-0.1472857145163885,0.6854334181934034
0.2910129519999998,0.611308433,0.644061446,66.65625,47.6019,13.5843369,0.025500693,782.0403318,0.00531436,0.142547004,5767.271896,0.563799169,25,1.5,-0.8287379675175351,173,-30.393219416779527,-1285.8162392047443,7.46039554270793,-1.029651788988123,0.1100475705121972,-7.281227699311105,-0.5827295731128589,1.16860453576359,-78.11889694716544,0.1317230190178838,0.09901588815293538,NA,1.3657024437606613,-1.0605834380579822,0.6972288011549747,-0.36526540838548577,-0.3853566905645306,0.3303329821811787
0.7002537779999999,0.510002209,1.372064211,290.04125,46.1288,19.05024048,0.02448553,1661.039622,0.133988359,0.183497582,53001.65024,0.493975904,30,2.59,0.19355124424469966,173,65.30375678322048,9369.029514795257,35.12706221270794,1.3403482110118772,0.1970036855121972,-2.110727329311106,0.016370426887141548,-3.2611553522364103,416.3094936728345,-0.5504517489821162,0.05413002815293811,NA,-0.9242975562393387,-0.18058343805798208,0.6764906123482289,-0.41668159933179355,-0.5357930125278869,1.0163586677118148
0.7007034360000001,0.474523075,1.118732138,7.992241379,42.08958313,11.59385484,0.036673891,780.5453365,0.004776268,0.148999373,5066.502904,0.52865119,25,2.63,-0.26672790973400873,192,-4.259084699755186,-312.2352500884112,-16.727111049695235,1.2526060942612074,-0.1442434810847549,22.089264546534373,-0.4547926160285314,1.5615910931933024,-59.116613860183584,0.16316618313419332,0.910495102895109,-5.900161331518548,-1.6041981977154958,-0.6483524203570801,0.9170674628291822,-0.20559498849758356,-0.570957917239868,0.9544591864480402
0.491032362,0.549054272,1.156487895,30.05777778,49.2682,9.312823715,0.022415287,983.0890366,0.006433082,0.149143528,4933.948588,NA,25,2.63,0.05579022901297388,199,-35.4063946619041,-2907.5164884666037,-4.603209970475346,0.47449057756359264,-0.015151538831000375,56.32160501763534,-0.6517842634185163,1.199782889877933,-40.313159947085,0.15877060717704422,0.39614097411591004,21.72861454654415,-1.4162668551014483,-0.595951519098853,1.1957008624786993,-0.30798498543280756,-0.7948583599187067,0.7590729574253748
1.0184450420000002,0.485838511,2.306324649,32.3448,46.6612,12.88935929,0.015461345,1933.742588,0.009704736,0.1429185,8042.349382,0.550714998,30,3.03,0.18154929284469543,199,-25.0758301619041,-1351.4427154666041,4.396790029524654,1.0094905775635918,-0.07216825983100036,39.67522950763533,-0.5322842634185163,-0.959547468122067,19.867940232915004,0.08044577917704425,1.4820901441159093,-1.0839354534558459,-0.9862668551014483,-0.795951519098853,1.2293640486696134,-0.2713414373122173,-0.5828595401044342,1.1638196497406157
0.9372858039999997,0.534496934,1.586683556,20.88414634,47.1025,13.36575502,0.030308981,1791.634528,0.006847692,0.150492455,7907.096342,0.465506526,30,3.03,1.0306664443472282,197,-46.45356725843298,-3377.0054568156916,13.170913527461831,0.6360950109057683,-0.05525573518921595,55.13509802017793,0.107727635835765,-3.0011389407462463,7.183250620601129,0.10305097516480113,3.8179377351956822,-3.3588666600451935,-1.0399615244197478,-0.81092320517263206,1.179532726440362,-1.416622526554474,-2.412427547243445,1.0205852389303107
1.3573804380000003,0.540072264,0.896013865,19.89454545,46.17,15.68658836,0.02425412,788.7952854,0.001800862,0.11596443,5162.650056,0.38041958,30,3.03,0.31594537077190854,218,-54.77751704487975,-1947.9487413502707,71.2092834341215,-1.3582515391870775,-0.04626078142795255,25.272529503480822,-0.38514730633418903,-2.3921014736923545,-26.216341050103132,0.08236797829335377,1.777529468858081,-48.42354735585709,-0.47616749657760565,-0.653720501397951,1.2603387694183568,0.13388367087755526,-0.4736747903139371,0.7184007718608905
0.8193420119999999,0.505801504,1.049027276,13.87757576,46.3526,12.60556905,0.020901199,3074.943533,0.005892456,0.205338579,11167.81328,0.487831858,30,3.03,0.334067421620083,199,-17.52144226190409,-2083.040812466604,-5.353209970475346,0.214490577563592,-0.0870677528310004,36.84080244763533,-0.4343842634185162,-2.884832999122067,91.27373563291499,0.05755446017704418,0.6246496541159109,3.8906145465441546,-0.9862668551014483,-0.795951519098853,1.2577811517509792,-0.3676759731714267,-0.7997371312534054,1.382762172562682
3.83328288,0.486861131,0.860981097,21.24413043,47.7055,11.7234817,0.019115964,1726.649893,0.011730644,0.167539293,6227.885839,0.642344045,20,2,-0.0033956270455376336,197,-61.104730048432984,-2955.570552115691,-10.662419802538171,2.5810950109057686,-0.12745687018921598,44.76994323017792,-0.572872364164235,-1.1340794997462476,9.173869620601124,0.05450624316480117,1.4111000451956792,20.507500009954803,-1.5299615244197478,0.11907679482736781,0.9133429096569476,-0.957742370090303,-1.5499465944523982,0.4363104506336129
0.27122744,0.439307959,1.567487403,27.46714286,51.7035,13.81525241,0.014571361,1840.051809,0.012727455,0.181612037,9301.074521,0.701393287,20,2,0.1261369429361945,192,24.200373800244826,-400.3834650884109,-10.560444382695232,1.8826060942612073,-0.22459086508475487,18.12442816653438,0.38960738397146844,0.34439269719330207,23.367252589816417,-0.020365816865806612,0.4022445928951091,25.383963668481456,-1.6641981977154958,0.08164757964291994,0.98682209882612415,-0.052510290579174126,-0.4870608707704007,0.3629179831516109
0.6197682140000002,0.43638975,1.667259707,15.18543478,48.9116,13.0736773,0.027726397,1177.247692,0.008402606,0.175678556,4901.783698,0.500125408,25,1.77,-4.951793879151412,197,14.368449341567036,-1501.9624652156917,-17.98060162053817,0.11109501090576787,-0.164277080189216,12.608099040177922,-0.16067236416423475,-0.6839120537462473,-27.862503329398876,0.10105537416480107,-0.9293652748043206,-2.0613999900451945,-1.5299615244197478,-0.6109232051726321,1.058520148017024,-0.24977814247265656,-0.26479397302760055,0.9827519976091916
0.45407747600000015,0.599024099,1.174299696,77.12272727,46.7179,12.04504529,0.043915468,412.5625771,0.083224737,0.092743529,29172.97652,0.630819019,25,1.12,-2.6799297144349086,173,27.942895983220456,-173.26900120474437,15.127062212707932,-0.4096517889881226,0.14959324251219713,15.750185610688893,-0.6633295731128589,-1.63094712723641,51.24191507283454,-0.5877554469821162,0.543048098152935,NA,-0.6342975562393386,0.31941656194201795,0.6263871243623347,-0.4789475567905498,-0.4815903099945853,0.9823460393207841
2.599095404,0.525163764,2.118421053,42.44,49.4409,19.48451254,0.029768809,918.3922244,0.002557551,0.151093007,2666.908382,0.516434893,25,1.25,-1.359403321463617,210,39.044947669004735,1941.2880196533793,72.9724441058702,-2.321833805818374,-0.09196762686081479,10.086479093651148,0.3849002906829365,2.497418695810924,-31.55650403935865,0.15458513924438133,1.2634322731771677,-50.96200550221446,-0.8509461738508025,-0.26360724569306776,-0.5020788944987684,1.087853883750645,-0.7269524992675893,0.535233805037102
0.059870045999999996,0.530593264,1.546866015,16.08681818,46.6466,22.22734398,0.01843422,1089.469844,0.0029151,0.101975805,9801.15725,NA,15,1,-1.1405136771213653,210,71.29181366900475,-1606.8526603466216,16.97244410587019,-2.316833805818374,-0.07793960086081476,-4.817896956348855,0.2978002906829361,2.0296583688109244,-21.931342739358648,0.14140260424438134,-0.664360546822833,-4.188705502214462,-0.8909461738508025,0.05639275430693211,-0.5015906406540978,1.1511911971540407,-0.5956500287566155,0.6101995745708637
1.6290694540000001,0.471420997,1.682081519,424.4933333,46.4254,15.01163424,0.038835198,1192.705551,0.038037973,0.0720003,39853.64909,NA,25,2.5,0.49713632940089814,210,37.69704236900473,3040.2730266533786,32.972444105870196,0.8281661941816258,0.2044888921391852,-11.916908976348859,-0.49469970931706364,1.4601667488109242,121.18751000064134,-0.5256876617556188,-0.006071966822832276,-15.85800550221446,-0.32094617385080276,1.7163927543069322,-1.5130094898103217,1.2760529436229184,-1.3715638349906103,-0.2414152501814738
0.8853725959999998,0.488661956,1.092821682,22.54878049,46.1178,9.821330489,0.019677979,486.7587041,0.010117802,0.090693686,5932.15068,NA,10,1.02,-1.5556674203511387,210,-13.414068730995261,-688.0216343466212,-16.22755589412981,-0.5968338058183749,-0.053308287860814776,-22.821698086348857,-0.4199997093170639,1.6800192818109243,-50.84797238935865,0.04812634924438129,-0.5491670668228344,-0.1459055022144619,1.6090538261491973,-0.5136072456930677,-0.6322259202221182,1.3580394019636828,-0.315802341234113,0.6102613625335063
5.643265386,0.46607345,1.77144666,32.57454545,51.1322,12.92897475,0.023881955,906.4968488,0.004842902,0.121027965,6871.111046,0.529814272,25,1.77,-0.2727752954974211,210,32.985931269004745,5466.185383653377,23.97244410587019,-0.7668338058183748,-0.15795772986081474,32.65406278365114,0.20630029068293612,2.1237338678109245,-30.01084076935865,0.11128651324438131,-0.22613452682283106,-50.96200550221446,-1.1809461738508027,-0.5136072456930677,0.36705998920571165,0.7526544994592056,-0.31267797075865356,0.07340199730061236
0.8710478759999998,0.574610821,0.674539171,24.10055556,47.148,12.84184617,0.036213921,657.3287988,0.003615017,0.09939765,5747.229901,0.609445548,22,1.06,-0.25841034170290245,210,-16.588671930995268,105.42493965337837,-13.52755589412981,-0.9818338058183746,0.12121668313918518,-19.40001782634886,0.4510002906829361,0.18661086881092404,-44.87980706935864,0.1489799292443813,-2.0154004268228314,8.64892782778554,0.06905382614919739,0.7363927543069322,0.5186238550790413,0.4371461059648634,-0.18864437555667313,-0.5218897838048069
1.4691109440000005,0.483490596,2.844922232,33.46833333,47.8306,19.84125003,0.022268215,682.2320519,0.008917571,0.107712471,5630.143242,0.629934211,22,1.06,-1.7490334059169599,210,-10.614068730995264,1995.7933886533788,-0.2775558941298091,-0.8718338058183743,0.06377251813918526,-17.331723176348863,0.29880029068293645,-0.06960243318907587,-42.963716669358654,0.1322299712443814,-0.800948066822832,18.002494497785545,0.06905382614919739,0.7363927543069322,-0.35539895610127714,1.4315971382863226,-0.19651076616250063,0.14280880556591014
0.121533728,0.5300305,0.976706651,16.96275,47.6159,24.40064529,0.021585226,667.2351668,0.006020633,0.115274668,5229.843498,0.477946768,22,1.06,-0.5592134390034601,210,-21.141341430995258,-1853.2746263466215,-17.87370974012981,-0.27183380581837463,0.16416682813918526,-15.80037190634886,0.4112002906829365,1.0173714718109241,-44.45914415935865,0.15166788524438135,1.4565439931771686,8.496134497785539,0.06905382614919739,0.7363927543069322,-0.17923790013713436,1.251056087329358,-0.3382840984899578,-0.5354740610379459
1.8740892860000002,0.422130476,0.992188026,50.02222222,48.4057,14.92108417,0.032000628,701.4357689,0.007324451,0.117003786,6842.137998,0.529792148,25,3.08,0.35892199389338975,193,-51.98470799149073,-2981.401800713867,-6.030839466663821,0.7043038775901195,-0.013619665905647121,3.8454353352630806,-0.15824856565567225,-0.6345428789946079,-57.14013940402664,0.051435489140314844,-1.4852616426447773,0.03027093677611975,0.5926491369436538,-0.5708665773201904,-0.04863136883479923,-0.9982063072993846,2.5854481111201815,0.5021134535848024
0.6884505740000002,0.444675151,1.834505863,51.21214286,48.9201,15.54707917,0.03085695,326.0244037,0.010591826,0.063446797,5180.853558,NA,5,2,0.7702074899068552,193,-63.35460954149074,-2928.662203713867,-4.48083946666382,-0.8356961224098806,-0.09507198290564713,-7.589390584736914,0.19025143434432779,-1.419675524994608,-81.25459718402664,0.09065992514031486,1.0411017273552248,-9.20860406322388,0.46264913694365395,-0.4108665773201905,0.056194726212914936,-0.9689632079501913,2.337844432569447,-0.18034908025014224
0.277920928,0.45886435800000003,0.668354836,33.12785714,46.2916,17.97811543,0.021970102,555.4134966,0.010754376,0.085891633,6609.135124,0.42578125,5,2,0.2649645105906809,193,27.034279348509266,2481.4706952861334,-6.709410896663822,-0.07069612240988,-0.11327804390564712,-19.81765144473692,-0.4413485656556724,0.05482289000539234,-63.40369385402664,-0.009907054859685106,-0.2095365426447749,-8.517669063223877,0.46264913694365395,-0.4108665773201905,-0.7356758923116613,-1.1199561467345434,2.479676353091914,-0.11256077079372159
1.094326676,0.543751678,0.709833795,14.84076923,45.7506,12.54695241,0.023668392,951.4920284,0.002606953,0.09010657,9284.666293,0.438391442,25,2,0.9872967935117904,193,-48.322863551490734,-3497.279064513867,-12.28083946666382,-1.8456961224098805,-0.05391127790564709,-19.64574072473692,0.2716514343443277,-1.376866658994608,-51.08187541402664,0.20814862914031487,-1.9467666126447774,-8.126229063223882,0.3226491369436538,0.5891334226798095,-0.057370666058027965,-0.9484103316846318,2.1338392928121186,0.03893680120363678
1.526089814,0.462159394,0.591912357,24.3144,47.74446056,20.93278104,0.020400904,1121.785322,0.006487048,0.09662428,7729.291259,NA,25,2,0.02346234602708387,193,-24.708144851490736,-2699.3345997138667,-15.591184294663815,0.02430387759011974,-0.021499198905647113,-24.137047154736923,0.48615143434432784,0.4833448760053923,-42.086868634026644,0.20558193014031492,-2.074457812644779,-7.373791563223875,0.3226491369436538,0.5891334226798095,-0.6912747119248501,-1.1254885841382538,2.1360941081102576,-0.7706051842322406
0.69372374,0.377382217,1.333955407,22.40130435,51.2812,16.2607635,0.013704919,1160.052204,0.008407893,0.112505879,6009.758666,NA,20,2,0.6336788549031319,186,12.513010910658187,-2635.849846335674,-2.3380738788837085,0.7574193942877346,-0.24847895115940163,21.94106195416211,1.1315430817343126,3.590087375320762,-41.21672512712522,0.11837932009746398,1.9947367061344232,5.935120058713424,-1.8252822056703935,0.036732521421582495,-0.1846078083306526,0.3097861784386531,-1.2148909284086693,-0.29736897988842614
2.7179462140000004,0.545709572,1.9535501,8.52530303,49.7611,17.30347394,0.019626189,741.866333,0.004211112,0.108103833,5253.502153,0.39002453,12,NA,0.0825247054928649,186,-4.728368389341819,-1504.1124053356739,-16.604740545883708,-1.8825806057122652,-0.03806357615940162,2.4196816341621172,0.14544308173431264,0.27877458532076144,-70.34696344712522,0.22071852309746398,3.652502676134423,-2.9863799412865784,NA,NA,-0.2336863972110822,0.8497067953795817,-0.49925751073530356,0.4873082879531093
2.491033216,0.525078546,1.235802469,8.090229885,48.2555,20.34089574,0.025789036,742.0620898,0.00647404,0.086353771,2720.801406,NA,12,NA,0.453559671571265,186,-13.875877989341825,-55.96593933567445,-0.12696276888370728,-0.5675806057122655,-0.047016888159401665,1.7526339941621176,-0.4076569182656875,0.3002367873207616,-70.06078758712522,0.21389409509746404,2.9879385361344233,-10.59087994128658,NA,NA,-0.20267940815106156,0.8859218573164441,-0.5230731925233322,0.3635307315483117
1.7878297220000001,0.402030071,2.564918851,18.32804878,47.7668,31.66867602,0.015564154,755.2296738,0.008247937,0.094169715,4505.963673,0.673668961,12,NA,0.24016061514096185,186,-15.78486138934181,-2425.505605335674,17.595259451116295,-1.552580605712265,-0.1184519661594016,-3.3759820958378834,0.5803430817343126,2.4710968153207618,-67.42354440712522,0.169219948097464,2.5538469661344236,-8.419379941286579,NA,NA,-0.20394244928638766,0.7216686760583423,-0.7473053571315267,0.1927834259913236
5.397193420000001,0.57032125,1.264654556,21.05571429,46.0611,11.28035191,0.032923567,629.1909129,0.005833331,0.086087272,5114.161113,0.507874016,25,1.25,-0.07477427048105133,204,-26.303867820581893,-993.2694845938847,-11.887003570318285,-0.1520205057918473,-0.033197110935461446,39.12306304127889,-0.3806640115542197,1.0122229399383835,-53.6371519963003,0.16137387320765204,1.209342206416482,NA,-1.0120301818057003,-0.3085223039144052,0.9465757892336257,-0.38627461645900274,-1.7130852639863725,-0.13523268143210254
0.21101152399999998,0.431605003,1.212121212,33.74666667,51.9195,21.34417505,0.015929431,2568.734465,0.001567896,0.177156399,12470.61238,0.411347518,15,1,0.7396111309440512,204,28.755571779418098,-1957.2435765938849,44.294814609681715,-1.6470205057918472,-0.11325037193546149,13.693568901278885,0.07173598844578018,3.065423303938384,47.78582036369969,0.16398808520765204,1.9575130564164795,-3.6068491119824904,-1.0520301818057003,0.011477696085594683,1.2202809852518819,-0.36038257956872777,-0.5484223571762896,0.28461927054453584
0.10264986399999998,0.571385728,0.735458854,10.79115385,43.0226,14.48454989,0.018663197,1438.326317,0.00234265,0.162001431,5472.994701,NA,15,1,0.23985693795771407,204,-33.7024478205819,-1853.5776045938846,-20.080185390318285,-0.6570205057918471,-0.05156817393546147,35.46702179127889,-0.9410640115542197,-6.132186383061616,-10.822350356300298,0.15686586220765206,0.9740891364164798,-0.9710891119824927,-1.0520301818057003,0.011477696085594683,1.205787131381376,-0.35392517852779903,-1.3768922325575395,0.7747036504875878
2.163796012,0.487977803,1.611555046,79.39125,47.1177,12.8789073,0.025223106,834.8903189,0.049343728,0.10543504,16663.64572,0.450038023,25,2.5,0.4690569425010441,204,-21.048155220581894,-2265.0776065938844,-14.562328250318284,1.9379794942081523,0.07401901906453852,19.468499841278888,0.33463598844578035,1.3411998099383835,36.01327446369971,-0.462476380792348,1.0173694664164814,12.366150888017508,-0.4820301818057004,1.6714776960855948,0.3429485355663745,0.558566100343974,-1.0679989190516088,0.20251747070918039
0.15607302800000014,0.601416572,0.77399757,31.1375,47.5295,11.78386664,0.01677614,1287.108347,0.002966683,0.172719891,6693.23545,0.527219583,25,1.5,-0.10160231664750496,171,-5.794589113308414,1695.9857870461678,-7.932147619354893,-0.03304735564594726,0.09514581115398164,-3.677271706768523,-0.6136176738585771,-2.1860177558605898,-58.74795725947932,0.2446365930056407,-0.47180423076729217,NA,1.3120077744423622,-1.0755551241317611,0.13259181347873905,0.22071245461946315,-0.6982302600489343,-0.18131667697554232
0.8267560140000001,0.515723427,1.002466306,111.8242857,46.7866,21.45116345,0.020177998,1414.20908,0.033982865,0.102837472,40536.45815,0.639481707,30,2.59,-1.4072939167329095,204,42.235090379418104,1485.0182754061152,1.7948146096817164,1.032979494208153,0.20112027406453856,-0.9754430287211179,-0.1086640115542195,-0.8595313730616165,214.0755070636997,-0.5696040357923481,0.07031105641648117,-25.100849111982487,-0.09203018180570033,0.05147769608559473,0.8195688211993014,0.4308215248482013,-0.8397373690125627,0.2625784532029263
0.39640290199999983,0.578957307,1.283606557,25.59923077,48.0268,10.23575322,0.025728046,961.7688447,0.004315727,0.09546015,7785.826318,0.688130334,12,1.07,-0.7732754894721939,171,-60.925089213308404,-3586.9446129538314,-7.332147619354894,0.14695264435405334,0.17647436615398154,9.385339503231478,-0.6794176738585774,-0.20250081486059024,-78.45467291947934,0.2857895440056406,0.4038788292327079,NA,1.142007774442362,0.6744448758682389,-0.05277558167941901,-0.2944563681573065,-1.6440305996553592,-0.5624305891563836
1.5258695100000002,0.585046578,0.787437286,23.00769231,49.508,8.354654429,0.030711999,1066.4198,0.010386312,0.146054375,5607.808434,0.698412698,25,2.63,0.607408421627043,204,-34.047297120581895,-2763.9403359938847,-14.419471100318285,2.397979494208153,-0.05740547693546143,49.074361161278894,-0.31726401155421957,0.9870142279383836,-27.3609592663003,0.10685768720765206,1.42635460641648,9.822650888017506,-1.2820301818057003,-0.5585223039144052,1.3371506863809628,-0.519761780150542,-1.7549791973660034,0.48614539832358145
1.170765862,0.583994762,1.325127912,21.01179487,51.6177,14.52372841,0.031844478,1451.477746,0.007336503,0.184289918,6166.485694,NA,25,2.63,1.1971244933089502,210,-39.21763708099527,-2773.6935110466216,-16.69422256412981,1.8131661941816253,-0.0538911378608148,69.75670675365114,-1.0067997093170638,-3.2692163951890754,-1.2043191193586509,0.11989453424438133,-0.06904163682283337,14.367327827785536,-1.1209461738508026,-0.5136072456930677,1.4676227237128612,-0.2903004271873058,-1.945013569211508,1.6322124555960653
1.178344896,0.574864042,1.240931747,21.71566667,49.4128,6.372036899,0.020832449,1033.508621,0.009474086,0.144017615,5927.594265,NA,25,2.63,0.13104955311375507,210,-6.1314894309952654,-2042.5929133466216,-10.227555894129809,0.5431661941816257,-0.027018989860814756,57.98033015365113,-1.0503997093170638,-5.674452735189076,-21.36986709935865,0.08260897724438131,-0.09592121682283261,0.16329449778554223,-1.1209461738508026,-0.5136072456930677,1.2266560087976053,-0.05650982462267122,-1.5498381169028075,0.3684006019356936
0.26026001999999976,0.568057179,1.093551588,29.28866667,45.596,14.30173975,0.018860825,2240.595771,0.006034813,0.215011936,5528.664858,NA,30,3.03,0.3099177267736337,204,-41.294308740581904,-2310.3427315938843,34.294814609681715,-0.20202050579184713,-0.07404941993546148,52.51993386127889,-0.6911640115542197,-4.926761120061616,45.23650686369971,0.05608803620765198,1.785114756416482,NA,-0.8520301818057002,-0.7585223039144051,1.1759839066336275,-0.3963687974820489,-1.6012373811373208,0.6411623904409076
1.07826175,0.541914179,1.437300842,21.42615385,44.4823,10.77623727,0.020342008,3254.935168,0.017696201,0.214940577,11065.83773,NA,30,3.03,-0.10726087008665852,210,-42.08117277099526,-2138.3345743466216,-2.7418416041298075,2.3581661941816257,-0.030719302860814823,38.79282815365114,-0.7986997093170637,0.39898185581092444,112.95537380064135,0.03413985024438136,-0.13998287682283317,5.043534497785543,-0.6909461738508026,-0.7136072456930678,0.9806000336999591,-0.2567658685608893,-1.2644070550136293,0.18520092166450475
1.8439758720000001,0.421174349,2.200992228,69.21125,48.6124,12.06031804,0.020921544,1382.005289,0.008651348,0.156717479,9865.198375,0.52247191,20,2,-0.007951721269162954,204,18.61093717941811,-1896.8339865938851,74.29481460968172,0.6479794942081526,-0.15385613193546147,32.123937141278894,-0.7335640115542197,-6.140445775061617,15.248333763699696,-0.11840970079234796,-0.14717940358351933,-52.86584911198249,-1.3420301818057003,0.17147769608559482,0.8829356571563186,-0.4604783689467392,-0.9857538775402794,0.20965307992641294
1.77944265,0.417929281,1.692520596,9.41625,50.1498,15.65506399,0.02351324,1079.73367,0.005789058,0.16718394,5541.439568,0.449622166,25,1.77,0.9630065992601725,210,-38.172374710995264,-1354.0139863466216,-18.15255589412981,0.05816619418162541,-0.042727298860814736,52.795995653651154,-0.32739970931706386,-5.795377112189076,-21.01771463935865,0.11760705424438132,1.423067663177166,26.512327827785537,-1.1809461738508027,-0.5136072456930677,1.4384466897424844,-0.2983325101771244,-1.5807535015754828,0.9625847565635343
3.048639014,0.522447151,1.222049085,21.52076923,49.0191,36.143593,0.019348219,824.2804116,0.007624068,0.116268828,6142.790654,0.493888464,22,1.06,0.24273017446562806,204,14.779095579418088,1417.032731406115,-1.9551853903182834,-0.32202050579184716,0.02555394506453852,6.94167621127888,0.45963598844578035,2.643709236938384,-41.5430585263003,0.12144743220765204,1.1748039364164797,-12.105849111982494,-0.09203018180570033,0.6914776960855948,0.44012299350361117,0.6342087191474933,-0.5024287379780401,0.712520835531884
4.265991598,0.526078673,2.429451205,45.641,47.2699,12.50677356,0.020856799,1116.246026,0.17547022,0.132914815,26458.83467,0.717980296,25,1.12,-0.22162142410076738,171,-43.0623844133084,-1432.2923999538316,-5.432147619354893,0.18695264435405337,0.08018596715398159,56.48532006323147,-0.9844176738585771,-4.4263007868605895,156.00553836052063,-0.49986483699435935,3.3045648692327076,NA,-0.6879922255576378,0.3044448758682388,0.5129258128628758,-0.7702487618912789,-2.044593015025178,0.37758033236557176
0.7459923799999999,0.366560311,1.895798249,54.1675,45.9062,24.90729042,0.023802288,1459.856039,0.017219343,0.160586367,5802.927363,0.443962401,35,1.26,-0.639688328313812,171,-40.098211713308395,-2339.7916599538316,-6.932147619354893,-0.11304735564594644,-0.2145395038460184,7.473325983231476,0.23958232614142258,-0.21394231286059018,-48.62647686947933,0.23504807700564062,0.30574169923270655,NA,0.5420077744423621,0.3044448758682388,-0.4518813926558511,0.3238273486402567,-1.5296207326808733,-0.31861695279126834
0.479061408,0.495635109,1.247913598,49.06333333,47.3947,30.277594,0.020343226,910.3221064,0.013928277,0.108126817,7089.251347,0.812056738,5,2,-1.5347922917864527,192,51.223190900244816,736.5455509115886,-1.0604443826952323,-0.9373939057387929,-0.007774189084754905,-18.667615523465628,-0.08189261602853132,-1.8335292658066975,-42.44351119018358,0.01241835913419333,0.05112696289510817,-5.285786331518553,0.43580180228450427,-0.41835242035708003,-0.15703358320012484,1.1291791731023382,6.771935145506308e-4,0.39141554756010916
0.527608974,0.478461012,1.451756686,21.42960784,47.5264,11.28733704,0.02149639,1110.309024,0.010304605,0.085508677,9269.166355,NA,25,2,-0.8987832351665779,192,86.53092320024481,2097.545148911589,4.339555617304766,-0.25239390573879233,-0.09419106808475496,-9.870586153465624,0.14980738397146823,0.8935578881933024,-43.063565830183585,0.19425186213419335,-1.0145973671048902,4.612283668481451,0.29580180228450415,0.5816475796429199,0.4508695301148183,0.8876416490366973,0.20696582576047834,0.13339395247694064
0.32334481200000004,0.405435317,1.642091361,174.8228571,46.8604,10.73779742,0.025829533,916.006002,0.15035372,0.153504759,27495.93,NA,30,2.59,0.030397453528467375,192,55.55494350024483,3272.536473911589,6.939555617304767,1.0426060942612074,0.08538617891524515,-19.06482861346563,0.2970073839714684,3.2994393061933023,299.8386234898164,-0.6532352618658067,-0.5004119571048906,46.15261366848145,-0.4141981977154958,-0.03835242035708017,-0.3192313036983968,1.8041794829236342,-0.012824288080595117,-0.08934609862828446
2.6247780019999998,0.419801498,1.512631579,19.33416667,47.9186,11.98051167,0.016727123,2363.753229,0.005521454,0.172957992,9652.023355,0.514388489,30,3.03,-0.354197718114708,192,1.0611606002448244,841.5639189115886,-2.0604443826952323,-0.1923939057387928,-0.1466931730847549,14.236249606534379,0.4576073839714685,5.6207462661933025,37.57878948981643,0.0946686441341933,0.6381318928951073,-19.357536331518546,-1.1741981977154958,-0.84835242035708,0.42984854069669043,0.9652860511928406,-0.10893111949638017,0.5520428427006907
0.40895961,0.583766365,1.310506214,115.2773333,45.62689027,12.28988589,0.058033351,828.0383301,0.036463248,0.078685204,14268.49828,0.659535452,25,1.12,-0.5675950935268087,192,113.99701220024482,9548.64467691159,-5.310444382695233,0.9726060942612073,0.03450526491524508,2.185807816534372,0.18610738397146845,1.8819876351933023,17.811451889816425,-0.4166673488658067,-0.4498259471048906,31.48181366848145,-0.12419819771549578,0.46164757964291986,0.3622407919039079,1.0320121194632186,0.17717461091985093,1.209320225941303
3.243255888,0.474013568,2.696002805,79.18722222,42.7476,12.99780495,0.027698803,997.2995912,0.028673135,0.104143077,15695.43313,NA,35,2.46,-0.42928296661845866,192,-12.774537899755183,1129.3184649115888,27.939555617304766,-0.4473939057387926,0.08611543991524508,-6.239105343465623,0.32090738397146823,1.7944801651933022,20.556577289816417,-0.3540992778658067,0.39993022289510854,-2.0335363315185493,0.26580180228450434,0.5016475796429198,-0.28651335280356255,1.2642149926944426,0.4179255155304004,0.1645393627343999
0.280353204,0.494755896,1.067909454,35.66130435,47.43,13.29421935,0.022098517,632.5679962,0.004671933,0.058749125,7136.87314,0.571396295,25,2,0.30311506227909063,184,-32.338218085870686,-2268.788909084762,-15.54728371094653,-1.120976172370089,-0.0592295635176172,-17.451369353295302,-0.06504501901140591,3.496929347696581,-79.3581628794391,0.2500513220852208,-1.6766570627858057,NA,0.0810231250113072,0.5217608353478034,-0.2132393743771247,-0.11286611487873686,0.6079465525637705,0.08206266970867615
0.5713543839999999,0.533573027,0.627068077,16.29837838,45.2949,15.75845406,0.022404663,849.3419993,0.004375987,0.075963646,7034.566095,0.619071393,25,2,-0.9273424274713279,184,30.729395514129298,14295.350773915237,-14.751829165946534,-0.910976172370089,0.04855991248238278,-14.529906943295302,0.3849549809885938,3.0612812996965815,-67.1876627694391,0.22662858908522085,-0.943889422785807,NA,0.0810231250113072,0.5217608353478034,-0.42966197376549686,0.17498201518181006,1.3983643901223253,0.3608284295434075
0.17222619399999992,0.510231967,1.842564492,25.37047619,47.0431,14.34493841,0.035111186,853.1394527,0.005039662,0.09670156,1988.891379,NA,25,1.25,0.17224974209675797,184,40.50693421412931,-454.36813408476144,28.70271628905347,-0.25597617237008957,-0.16691779151761718,13.673846816704696,-0.561945019011406,-0.1469479083034188,-67.83378324943911,0.24527526508522088,-0.37671909278580723,NA,-1.5489768749886927,-0.4582391646521966,0.07346427470902954,-0.624885357105243,0.34690835955831856,0.2440745696853786
0.13472704400000007,0.479694435,0.848101628,104.9993333,47.02697815,10.43907836,0.030540505,867.889227,0.156807182,0.237777342,11737.59681,0.606203641,30,2.59,0.6354980702133974,184,14.419977714129294,1640.240266915238,-9.297283710946532,0.9840238276299106,0.08674894748238283,-5.753594513295304,-0.27564501901140626,0.017264280696581313,542.8287843405609,-0.6754189349147791,0.28383365721419357,NA,-0.6289768749886927,-0.09823916465219674,0.16156563651281353,-0.596381029820388,0.23735601756586877,0.284474003666928
0.7836014480000001,0.503245172,0.956599068,10.75842105,51.3466,11.54947823,0.02611746,1577.522765,0.00526215,0.1946339,5353.99708,0.58676414,25,1.77,-0.2160794072013182,184,-9.974042985870705,142.55329791523775,-8.922283710946532,0.5840238276299102,-0.15972188551761715,37.557817526704696,0.12135498098859399,-0.9096481223034187,-27.5572693094391,0.2107411250852209,0.1616252572141955,NA,-1.8789768749886928,-0.7082391646521966,0.10908263191314287,-0.6347222524479007,0.23511991183851622,0.9706711737975975
0.22064512599999997,0.587776432,1.081972676,13.88488372,46.7619,17.22032273,0.040803503,523.9856517,0.005318148,0.107301516,3764.203517,NA,22,1.06,0.41054501516491954,184,-14.493065785870693,-1602.9293220847621,-6.547283710946532,-1.2259761723700895,0.12001708948238278,-2.377963953295299,-0.08144501901140633,-1.3447516443034189,-84.19644228943909,0.22376366608522089,0.6623109872141926,NA,-0.6289768749886927,0.5417608353478034,-0.3941069253114422,-0.15771272790576762,0.5331239847560205,0.30575462226038186
0.34300293599999987,0.506742047,1.122338205,31.6473913,43.2108,12.85012864,0.028158498,175.4719295,0.137275099,0.278173319,13393.43685,NA,35,2.46,-0.04995220706301954,184,7.173600914129316,-1446.407109084762,-8.547283710946532,-0.7159761723700896,0.07024073748238281,-10.592713733295305,0.568754980988594,6.921131496696582,170.0791590405609,-0.7112359689147791,-1.7318093427858072,NA,0.05102312501130741,0.4417608353478033,-0.4068472069355571,0.024267944544806505,0.7840815618152827,0.5855629681442401
1.3932547640000004,0.488251276,2.299569995,35.92228571,50.0782,15.86616851,0.015621651,922.8193806,0.015907411,0.096989452,9490.82384,NA,25,3.08,0.08451222699480941,191,46.02820265198038,209.62854353704483,-12.540049298726645,0.05590831093229542,-0.03054808826386266,3.624780597805665,-0.45803666640139096,1.610228025381212,-43.77304482634052,0.02742660312807178,-1.0321907715650067,-4.554843599813221,0.5389544676253546,-0.5858382633939696,-0.9786339167013616,-0.041236580288393124,1.0681477333476184,0.36596254626642355
0.27526545800000013,0.551150206,0.762043409,43.366,48.8333,15.79577958,0.020691363,741.3845378,0.006457711,0.110107918,7146.942336,0.651448639,35,3.37,-0.2997318122050216,191,10.784016651980371,8849.598271537045,-11.562271518726646,-0.5240916890677046,0.1531937037361373,-12.352059502194338,-0.34093666640139075,-2.4074231176187877,-53.33363573634052,-0.005871819871928185,-1.346517551565005,3.0351814001867754,1.8589544676253544,0.45416173660603026,0.10710581351450031,-0.8641105096773216,0.30289393812554555,-1.2660894837115957
0.5077875079999998,0.429817971,0.725490027,222.9928571,47.06833925,17.82995024,0.03801739,228.4056765,0.308037513,0.151882404,16332.32962,NA,25,2.5,-0.2613958372740578,191,-14.200192448019616,1162.3517175370453,5.826617371273357,2.4904083109322954,0.13929781073613737,-16.638958902194336,0.5215633335986092,0.7190387693812121,38.37533198365947,-0.6838159098719282,0.17637375843499362,-6.684810269813223,-0.8310455323746455,1.5741617366060303,-0.25542830644260545,-0.8731295371748662,0.02671063063751375,-0.8192385396483283
0.819992478,0.364187184,0.658467115,20.89974359,44.127,15.62126025,0.030762015,371.9354577,0.01066141,0.104301314,4886.764823,0.561991539,10,1.02,-0.038962610076286236,191,-75.3665341880196,-3275.281053462955,-9.715049298726646,0.8609083109322951,-0.1101531592638627,-21.071266442194336,0.6113633335986091,0.7067708463812121,-69.83015034634052,-0.1950383748719282,-1.436133871565006,0.6678064001867798,1.0989544676253546,-0.6558382633939697,-0.931213097248473,-0.5455567331879373,0.2679317989440757,-0.8261596927411022
1.704198954,0.48235983,1.147681041,30.92833333,48.139,18.72493223,0.032758684,555.5703449,0.005231571,0.170074385,3501.673905,0.59423318,10,1.27,-2.228192638672343,191,-26.792785048019617,-158.638808462955,-4.506715968726646,-0.9190916890677042,0.04236238573613729,-3.450027142194333,-0.5412366664013906,1.9023193333812116,-67.20481163634052,0.02434865112807173,-1.2513656515650038,-10.60554359981322,-0.31104553237464555,-0.6558382633939697,-0.409374671841608,-0.4789317536711842,0.9508849284499833,0.196984153331966
0.506242254,0.471924505,1.218094667,25.1992,42.38873881,17.31458072,0.025211648,1175.157722,0.058223485,0.234438619,15815.5355,0.62962963,35,2.46,-0.2509306959443993,191,-23.06003264801962,-1066.072414462955,-11.923382628726646,-0.27909168906770454,0.09208015973613727,-16.40919368219434,1.0816633335986092,3.217258826381212,380.4040317836595,-0.6422872168719282,-1.3799407115650066,23.674306400186776,0.23895446762535474,0.49416173660603024,-0.935642835233695,0.0021009108848338565,1.0921419351263986,-0.0299992261250972
0.6887564019999999,0.51887766,2.009169638,90.88230769,48.2345,11.76196729,0.03273155,442.7450607,0.01352246,0.069837868,3824.6964,0.654606179,35,3.37,0.14683385649406042,176,18.882627428013794,3131.041204918888,8.799210290802169,0.2954415609986138,0.11488161204952052,3.061359076875025,-0.42059742199428074,-1.2510233848001395,-93.98779940869463,0.09252699503624844,0.40697309153328054,NA,1.4562444477381098,0.3418740910526866,-1.9592455504345434,-0.7921145683657611,-0.24421712639684462,0.46963608726010686
0.37918029799999997,0.575028573,0.982487923,27.15583333,47.1215,11.41227151,0.019442089,947.3615729,0.002578876,0.161745537,5469.907828,0.681194409,12,NA,0.8552669110492921,176,-9.18403927198622,7881.383290918887,1.132543630802171,-1.7445584390013862,0.1279095000495205,11.875109176875025,0.3878025780057195,0.22319678619986022,-71.32389659869463,0.23825940603624846,-0.48765062846672147,NA,NA,NA,-0.7883513771691687,-0.5752217449543817,0.552317151931165,-0.5027624739873994
0.08864730600000001,0.492422715,1.649306538,17.6074359,52.5132,13.7927638,0.016823818,2491.663707,0.007940781,0.164201703,10639.80353,0.452976253,15,1,-0.7556371251405938,176,-9.256502971986206,-3287.4769920811123,8.32301982080217,-0.14455843900138662,-0.0839253699504795,12.437911426875022,0.6197025780057195,1.8124866591998605,6.296211391305372,0.27371702303624834,-0.8792271584667197,NA,-1.80375555226189,-0.19812590894731338,-0.5802042046742061,-0.9642152074347198,0.09061102870012766,0.8705652084046328
2.6723271079999997,0.46374823,0.460875834,180.8075,42.41369301,10.72557439,0.035862697,426.4359286,0.04926356,0.136961691,22433.89582,0.522581607,25,2.5,0.29782580751586013,176,-37.02956767198623,236.8919439188872,1.7158769608021696,3.135441560998615,0.19251688704952052,23.412976616875024,-0.4201974219942808,2.9017365611998605,72.56208859130538,-0.6047680529637516,1.2438936415332789,NA,-1.2337555522618902,1.4618740910526866,-0.7740356767328002,-0.7206373330904536,-0.2498307062686948,1.3094277955130424
1.207919914,0.602588259,1.894130554,52.206875,47.2233,11.98374332,0.01684143,1137.057049,0.004184583,0.136020217,6850.221746,0.690221375,25,1.5,0.411086394248304,176,-6.267372571986212,-2127.983173081113,4.465876960802169,-1.4045584390013863,0.12464765804952048,-3.0206748531249765,-0.3411974219942806,3.13122233519986,-61.11666316869463,0.23687523503624847,0.11158582153327787,NA,1.44624444773811,-1.0381259089473134,-0.5072511443911308,-0.7455977239615887,-0.018436044812708607,1.1724782343831168
0.36765760399999986,0.525266754,0.348625432,10.96811321,46.3181,12.50170844,0.030781939,642.8525226,0.008195105,0.137526201,4897.287327,NA,22,1.06,-0.17320992521004563,176,-35.517372571986215,-4206.7102352811125,-12.184123039197829,-0.04955843900138598,0.09631811204952057,0.1656858668750265,-0.5710974219942808,-0.6585433068001396,-84.87781707869462,0.16881737503624844,0.17576719153327788,NA,-0.8437555522618899,0.48187409105268675,-1.111144891971937,-0.864553025644878,0.283647910105375,0.4584636925295713
0.9257142179999999,0.515242009,1.037100068,28.26456522,46.2508,16.80776001,0.024209069,830.5111221,0.013293901,0.135593139,5213.795029,0.435350757,22,1.06,0.20949598811828496,176,-66.82771737198621,-3686.4423150811126,12.632543630802168,-1.249558439001386,0.008971149049520566,-19.979779173124978,1.0700025780057194,4.91463742619986,-77.98935813869463,0.24766421003624842,-0.11688447846672004,NA,-0.8437555522618899,0.48187409105268675,-0.5446563152131471,-0.6056044215624307,0.1148175008057894,0.6725631846219581
1.493750926,0.519678646,0.668988543,12.450625,45.2689,16.15643672,0.02644009,775.2263204,0.008101988,0.119855481,6235.330141,0.70113852,9,1.11,0.7092685879004235,176,-37.780530471986225,-981.8352220811124,-4.950789709197831,0.5054415609986137,-0.009357592950479443,4.827919966875026,0.06610257800571911,3.6623085241998607,-79.32244176869463,0.21168784403624846,-0.10702943846672211,NA,-0.7137555522618898,0.3418740910526866,-0.2260221903567443,-0.8342951460552948,0.12552907321063173,0.740271054285962
0.35317117000000003,0.586834588,0.236784767,6.41119403,44.9661,13.00166331,NA,NA,NA,NA,NA,NA,9,1.11,0.2783502976342935,176,2.482627428013788,-4523.971076481113,-6.467456369197831,3.3704415609986142,0.08845621604952048,23.01958498687502,0.3452025780057193,7.839149078199859,NA,NA,1.443427031533278,NA,-0.7137555522618898,0.3418740910526866,-0.3901309240547221,-0.8292862100367127,0.014885414638512062,0.9327672428133299
0.5079691820000001,0.526988737,0.873143326,8.947721519,46.00572255,13.86416913,0.018469937,806.9089015,0.006469023,0.136116025,6346.789243,NA,9,1.11,0.27011409116673535,176,-64.93672737198621,-3250.2706630811126,-12.78412303919783,0.46044156099861383,0.009360409049520513,18.483553806875026,0.036702578005719244,3.1205770411998603,-77.85458274869463,0.2173955060362484,1.2192182715332782,NA,-0.7137555522618898,0.3418740910526866,-0.534014600686966,-0.8641011825584572,-0.26272666847670906,1.0854594723013284
0.8324481460000002,0.553693082,1.248709806,82.00583333,47.855,14.11047525,0.022901618,694.5501322,0.076917558,0.129001728,24874.72704,0.697224251,25,1.12,0.5242068551320536,176,-8.82884797198622,-247.48579108111284,4.132543630802171,-0.044558439001386084,0.08084442704952055,5.322151186875022,0.07440257800571931,2.7582089581998606,132.95183869130534,-0.5776538469637517,-0.6444871684667219,NA,-0.5537555522618897,0.3418740910526866,-0.827229997660423,-0.8849447009527402,0.7579614457091945,0.13308873426175663
0.7269878280000001,0.472279335,1.63493841,52.044,46.9464,22.06825205,0.040866983,916.9772794,0.006682787,0.179467764,4756.624993,0.582750583,10,1.27,0.4740580954398019,176,65.98262742801379,3408.7634079188874,80.46587696080218,-0.8045584390013859,0.007577319049520526,-0.5856027931249738,0.4348025780057192,4.097302626199861,-68.74680951869462,0.1628002690362484,-1.7226128584667224,NA,-0.7137555522618898,-0.7681259089473133,-0.3711969498091854,-0.48152530249686,0.12225851535074878,-0.6970513750450272
0.9910199700000002,0.441627691,1.866847826,97.33210526,47.7417,15.10301783,0.014167614,739.2351391,0.020037641,0.10331998,9082.820518,NA,10,1,1.1421655811417675,207,10.533337924211418,-1187.9864834702526,-17.741370642224044,-0.48692715580511087,-0.08210775839813808,-28.64702116253499,0.11646813956435831,-1.5124210456253464,-30.53973630782947,-0.09977942377398333,-0.29675623020317576,-9.158527307098476,1.0885118221717487,-0.30606477480373645,-2.4602766566658634,0.4582107979259624,0.28134278869645185,1.5990796231383269
2.0114004879999996,0.433912815,1.61924953,104.7991667,47.9168,17.5602204,0.02229696,349.9307128,0.012452194,0.068980974,5542.25915,0.655810511,10,1,-0.28912486059208387,207,13.326816224211422,2322.113936529747,-13.566370642224046,-0.2919271558051106,-0.059706408398138094,-18.251247732534985,-0.16533186043564174,-2.163232812625346,-60.37255896782946,-0.027369219773983346,1.550389539796825,4.508572692901525,1.0885118221717487,-0.30606477480373645,-0.3520212927722431,-0.6808085438395949,0.4606564871925725,-1.3172960844246444
0.14596911400000004,0.558298806,0.756081081,15.65272727,49.5186,16.46846533,0.015670779,1017.819782,0.006378197,0.189091374,5573.753931,0.68508799,12,NA,0.34866078290329,207,-9.280326675788578,-1164.4237164702529,-14.366370642224046,-0.9719271558051111,0.1783511486018619,-9.403682192534985,-0.08833186043564178,-1.4599437806253461,-27.872420587829474,0.12325744522601666,0.04819608979682508,-1.9528398070984778,NA,NA,-1.8174573456091059,-0.2288860440472154,-0.2849946427979834,-0.6848448085625684
1.1231641800000005,0.521781033,1.306930624,378.5575,46.5314,10.5809721,0.036081533,1085.643539,0.0322013,0.09784763,16686.64227,0.576470588,25,2.5,0.4701551531621614,207,1.9101495242114142,1248.2998635297477,29.633629357775956,3.14307284419489,0.14037929960186185,-10.824038242534987,-0.07333186043564166,19.218518722374654,39.86894218217053,-0.36860185177398336,-0.04001497020317748,13.634572692901527,-0.40148817782825164,1.6939352251962634,0.038403221892677045,-0.7661735205436914,0.6242084376465736,-1.7809560553512975
0.44362834400000006,0.640170805,0.590865385,46.05529412,47.8566,12.06562126,0.01525784,834.3781824,0.007008403,0.144781792,5363.196303,0.599352751,25,1.5,-0.3114425126655298,207,-21.369420375788582,3200.4535305297472,-8.199703972224045,-1.3819271558051107,0.17606202160186185,-34.32675103253499,-0.14013186043564185,-1.8100705236253458,-38.054511317829466,0.12887489022601673,-2.157793750203176,16.84984769290152,2.278511822171749,-0.8060647748037364,-0.23173710747372478,-0.40441717863285725,0.829320794531991,-1.7467610848468156
1.2992240199999998,0.582408597,1.393393393,29.98761905,46.0789,12.10064587,0.028730332,658.5643062,0.006055371,0.06963652,7139.221495,NA,12,1.07,0.4588262562025488,207,-27.78682017578858,148.00364052974714,-17.099703975224045,-1.3419271558051107,0.13128556460186186,-19.41270996253499,-0.0920318604356416,-0.883677396625346,-48.569746417829464,0.15840420022601676,-0.5337500102031747,14.743572692901521,2.108511822171749,0.9439352251962635,-1.5021036312057727,0.07875511193850357,-0.3466070606274739,-1.5215289225948347
0.8335850499999999,0.496146619,0.989880675,23.41222222,48.2765,13.73069409,0.021463363,1766.190653,0.005696518,0.183575284,6277.424757,0.505979761,20,2,0.26743016410736226,207,-0.8676281757885873,-2513.340311370253,-12.866370642224046,-0.4519271558051107,-0.08632458839813814,12.57125301746502,-0.7499318604356418,-1.6135692686253464,15.209523852170529,0.09796267822601665,0.14771963979682579,13.335072692901518,-1.2614881778282514,0.19393522519626355,0.23832904931159388,-1.6536600698850639,-0.7832220306221146,-0.8436976780591795
0.83204567,0.508015151,0.955712393,7.1044,49.2153,16.3078055,0.032259373,1505.071393,0.011956591,0.186749153,6839.965504,NA,25,1.77,0.3465137966736853,207,0.0633027242114339,1173.386234529747,-15.973513502224044,1.7030728441948892,-0.06175257539813814,50.66591720746501,-0.7616318604356418,-1.428931150625346,-1.547634127829474,0.12338114822601674,2.419905229796825,6.104572692901528,-1.2614881778282514,-0.5360647748037364,0.29427693209271916,-1.6135786228422424,-0.6547229768516346,-1.0547227282907126
2.4745925959999995,0.553136011,1.075470762,9.935233645,46.8851,25.85181099,0.026744414,623.8280112,0.012626716,0.12364765,3564.189703,0.559926245,12,NA,-0.18068347960045195,207,6.820059424211418,1630.663153529747,-14.466370642224048,0.23307284419488886,-0.06414264939813816,-5.198687362534989,0.16616813956435839,-1.5198173616253459,-48.099976177829475,0.09434498722601667,3.100684419796824,-5.498927307098476,NA,NA,-1.1361532751787686,-0.37041043507737464,-0.4896709979999557,-1.3067931616590238
2.4049645360000005,0.527785274,1.731306528,8.817862069,47.6108,34.33008154,0.029811023,767.9157159,0.014807586,0.129440001,5175.862358,0.675818374,12,NA,0.6175846329069302,207,-35.65395297578858,-2249.745033470253,-15.279414122224047,0.2730728441948889,-0.05947788239813809,6.6195652974650105,-0.5318318604356418,-3.260559568625346,-40.72008134782948,0.10852116122601671,3.288960709796825,3.4448726929015265,NA,NA,-0.5137950537948718,-1.0719465420585395,-0.4371685532025239,-1.1983754424972828
1.5612061439999998,0.521970185,0.595613855,6.773384615,44.6938,14.40680427,0.030859168,718.295315,0.004625779,0.137875117,4882.669235,0.718357652,9,1.11,1.4688073684613023,207,-51.104034835788575,-2081.596873470253,-20.409848903224045,-0.5669271558051109,0.043823246601861904,-9.431602262534986,0.12426813956435834,0.4571106343746539,-43.714347337829466,0.11490821222601663,2.214648499796823,1.653072692901524,0.11851182217174841,0.5739352251962635,-2.5618444480668736,0.43139043511190434,-0.23350004099375615,0.28068639633328474
2.4455632979999997,0.575873145,1.798469551,60.52416667,48.5066,13.91289113,0.043763508,1422.195377,0.023712089,0.074760158,9938.137835,NA,25,1.12,0.591922159583594,207,-1.0065170757885709,-2192.570753470253,3.3002960277759543,2.0480728441948894,0.16498635560186187,28.419926737465012,0.026868139564358413,-0.6984377476253463,18.107414582170527,-0.10182421377398335,1.6359858597968255,-6.034427307098475,0.2785118221717485,0.5739352251962635,-0.22219183705508883,-1.5615594910198978,-0.8964144440424667,-1.2081085221101726
0.8088777979999999,0.449388031,1.378604455,80.9925,51.7926,22.7124279,0.050096176,444.7695625,0.022320379,0.154592509,4047.473982,0.653529109,10,1.27,1.3836402443791527,207,-17.851755175788572,-1342.721668470253,3.3002960277759543,4.548072844194889,0.12871664660186194,59.365317407465,0.01866813956435843,-0.3784445856253459,-43.52938544782947,-0.24345107977398328,4.005852259796825,-13.795927307098475,0.11851182217174841,-0.5360647748037364,-0.19025770359231992,-0.7024810894819985,-0.8393317294102532,-0.8629145284146528
1.217618794,0.45564614,1.40825523,124.5983333,42.4915,26.38676925,0.027291869,467.5663812,0.02403185,0.145953412,3225.000247,0.735903614,10,1.27,1.2573396079254808,207,-21.756517075788583,-2107.434032470253,40.63362935777595,4.99307284419489,0.10406922360186191,34.41563007746502,-0.5050318604356419,-1.9040001966253466,-48.60874966782947,-0.12428261377398334,2.9555764597968235,2.4630726929015263,0.11851182217174841,-0.5360647748037364,-0.9542484918354459,-0.3316249664711956,-0.6534553301972644,-0.7165959089382224
1.6761388760000002,0.36456505299999997,1.122441405,54.848,44.2884,18.86659737,0.032023667,721.3434268,0.017719482,0.147021003,2986.7528,NA,35,1.26,1.199208297140668,207,-65.14658803578857,-2937.4224847702526,-14.810815082224048,1.1880728441948887,-0.2236314653981381,-28.679712562534988,0.49016813956435823,0.09658097237465413,-43.462725367829464,0.1128849742260167,-0.5534808502031758,18.174992692901526,1.5085118221717486,0.5739352251962635,-1.0823942903087014,-0.12813563905410527,0.4759168274999842,-0.22456216653426392
0.8360006599999998,0.653139407,0.785987261,25.35333333,49.4272,16.14889293,0.009502678,1102.830837,0.00781946,0.161239716,5399.399528,0.727169468,12,NA,-2.2936799066011684,198,-16.148203310168547,681.7219541588523,-10.652045656506758,0.5727927942346805,0.2596876919898917,-4.309027821093373,-0.11462831379137584,-1.455942121934157,-36.31643924324194,0.1810840901709227,-0.5958803703442047,6.5526406082494795,NA,NA,-0.04666315960362464,-1.2564672813194093,0.9158115157066646,-1.699442195645541
0.820475418,0.594544891,1.615812918,59.16230769,50.68777912,12.47396027,0.02456549,567.7908232,0.006302814,0.089688234,9924.109107,0.648111332,25,1.5,-0.29182700064992684,198,48.23368158983147,540.4820911588525,8.950518443493245,-0.8522072057653202,0.11669332398989177,-7.677542871093373,-0.06892831379137576,-1.9491882949341572,-64.49070488324193,0.18408672617092264,0.5249132396557951,11.125407278249478,2.036885810239402,-0.8734373621357426,-0.03490911792250264,-1.4405571663243193,0.5364629310106812,-1.4425008310055163
1.003902058,0.531494175,1.197916667,18.616764710000002,48.6416,12.06376036,0.024097777,1606.920165,0.002501863,0.12446019999999999,7261.090854,NA,12,1.07,0.10403341240750388,198,-2.1171956101685447,-1995.061581841148,-13.882814886506758,-1.65220720576532,0.1579270209898918,-22.53996007109337,-0.6955283137913755,-4.200151753934158,-11.687693723241935,0.20259410217092272,-0.13802637034420365,-5.242232721750522,1.866885810239402,0.8765626378642574,-0.0716822420006924,-1.1904910243178881,0.8404351299448433,-1.5093454853620303
0.717332888,0.438018872,1.142469305,25.38472222,52.1131,18.72678309,0.019690743,1778.223725,0.015326148,0.135726563,10484.40729,NA,20,2,-0.00878382450201584,198,-35.24644731016854,-2221.3686948411478,-7.938370446506756,3.032792794234681,-0.21690818701010817,18.991078038906636,0.8760716862086246,-0.996108880934157,0.6653436067580696,0.16540540617092264,0.7478547496557933,8.428007278249476,-1.5031141897605982,0.12656263786425737,-0.21263902216347502,-1.1464561649329055,0.06316542016462506,-1.578183571044347
0.5437109240000001,0.473240218,0.955114372,6.435890411,48.73,24.52925275,0.019410706,1798.053868,0.004874466,0.172629174,4256.269149,NA,12,NA,0.10486558483505176,198,-28.608423610168533,-3239.097761341148,-10.982814886506757,2.66279279423468,-0.07482301601010818,-4.311831831093372,0.07707168620862459,-4.186216645934158,0.24766428675806473,0.18032034717092266,2.226313839655794,-6.038492721750519,NA,NA,-0.931871800843118,-1.7513744818932617,-0.39402701668326734,-0.82059329371125
0.5971342180000001,0.480744024,1.230026339,11.41414286,49.4819,22.49585465,0.023143513,1052.315633,0.005878564,0.112889314,5487.235564,0.75991501400000006,12,NA,-0.6720778868581786,198,-49.117195580168534,-2879.3108648411476,3.1171851134932416,-0.5022072057653196,-0.036178772010108176,-16.22810372109337,0.8000716862086246,-1.8783231219341567,-38.82571438324194,0.17859426917092264,1.7337482996557936,2.224907278249478,NA,NA,-0.7475065990744941,-1.8640133461987176,-0.6437613326834607,-2.104551609399462
0.311996436,0.544117294,0.603273332,8.701666667,49.0766,19.40119266,0.030861077,405.6160418,0.003654508,0.079721325,4880.961265,NA,9,1.11,-0.6409723467834443,198,10.174471089831462,-1580.9033498411482,-16.507814886506758,0.4827927942346798,0.08926889298989174,16.132223028906637,0.6968716862086244,-3.2802203809341566,-71.30804872324194,0.11314964717092262,2.6055474696557956,4.476640608249479,-0.12311418976059818,0.5065626378642573,-1.7822402534594532,-1.4699921025370408,-0.7737595701624692,-0.774696736691757
0.588170036,0.55158934,0.540952828,9.76,47.8518,18.00952725,0.018405477,995.4831605,0.00393756,0.144722897,6177.375344,NA,9,1.11,-0.38392342263625107,198,-20.450528910168533,-1931.578762841148,-13.682814886506758,-0.5372072057653198,0.1103685379898918,-9.517124961093373,0.0807716862086244,-2.767677598934157,-37.32887456324193,0.10222577017092264,-0.2534720803442067,-2.3180260517505187,-0.12311418976059818,0.5065626378642573,-1.4665557646561573,-1.5115145633723914,-0.7184335397777278,-1.3798295655532051
2.6201999559999996,0.451722269,0.806726833,84.069,50.0735,27.39596504,0.046328238,204.6626263,0.01626253,0.121807108,2996.220424,NA,10,1.27,0.8056895915832036,198,-46.450528910168536,-2864.910720841148,40.61718511349325,3.1427927942346803,0.05103046298989182,29.03978057890663,0.32507168620862437,-2.201583905934157,-75.06162962324193,-0.24462375882907733,2.8992584796557948,-13.126792721750524,-0.12311418976059818,-0.6034373621357426,-1.5951836696888309,-2.3085312352132856,-1.4259672075093996,-2.0939358075511585
0.30790942,0.381760015,1.903869065,133.1893333,51.7693,26.53096253,0.033698153,348.5811098,0.06060137,0.134669129,2791.596375,NA,10,1.27,-0.28938233644926703,198,-34.02195751016854,-1407.857759841148,17.617185113493242,3.272792794234681,0.03836333698989185,33.16317631890663,-0.03062831379137576,-1.623025346934157,-69.77264917324193,-0.062485540829077375,2.5541046696557954,-1.0622927217505205,-0.12311418976059818,-0.6034373621357426,-0.7103823130683641,-1.6643575499010412,-0.45902298188588075,-1.696986968336652
1.2309806560000003,0.445170156,0.546154538,65.61714286,51.8091,24.91140915,0.04679614,449.432128,0.01484025,0.175955019,3265.721909,NA,10,1.27,-0.20659512583149633,198,-44.05518011016854,-2244.2720598411474,-13.982814886506757,4.95279279423468,-0.02212793201010817,10.397866978906634,0.3275716862086243,-2.083618035934157,-61.353888113241936,-0.09238831182907732,1.691498319655796,27.131907278249482,-0.12311418976059818,-0.6034373621357426,-0.577949836987745,-1.8649628127697462,-0.6459673149603267,-1.6573060545391876
